authorid,name,university,rank_6yr,cnt_6yr,rank_12yr,cnt_12yr,rank_all,cnt_all,is_top1pct
1260,"Wright, Arnold M.",Northeastern University,1,20,1,28,1,43,1
40,"Dhaliwal, Dan S.",University of Arizona,2,18,1,28,2,39,1
1123,"Tan, Hun-Tong",Nanyang Technological University,3,17,1,28,3,36,1
2664,"Rajgopal, Shivaram",Emory University,4,15,4,27,13,28,1
112,"Bedard, Jean C.",Bentley University,5,14,6,22,8,31,1
729,"Lennox, Clive S.",Nanyang Technological University,5,14,9,19,37,20,1
595,"Knechel, W. Robert",University of Florida,7,13,13,17,21,23,1
2503,"Myers, Linda A.",University of Arkansas,7,13,22,15,85,16,0
55,"Kaplan, Steven E.",Arizona State University,9,12,16,16,6,33,1
738,"Kim, Jeong-Bon",City University of Hong Kong,9,12,33,14,114,14,0
1054,"Francis, Jere R.",University of Missouri,11,11,7,21,11,29,1
622,"Krishnan, Gopal V.","American University Washington, DC",11,11,33,14,98,15,0
2536,"Mills, Lillian F.",University of Texas at Austin,11,11,13,17,28,21,1
260,"Cohen, Jeffrey R.",Boston College,14,10,33,14,37,20,1
1010,"Hanlon, Michelle",Massachusetts Institute of Technology,14,10,22,15,98,15,0
2759,"Hope, Ole-Kristian",University of Toronto,14,10,45,13,133,13,0
673,"Messier, William F.","University of Nevada, Las Vegas",14,10,45,13,37,20,1
2797,"Norman, Carolyn Strand",Virginia Commonwealth University,14,10,45,13,133,13,0
2504,"Omer, Thomas C.",University of Nebraska-Lincoln,14,10,22,15,28,21,1
987,"Pittman, Jeffrey A.",Memorial University,14,10,22,15,85,16,0
1028,"Sedatole, Karen L.",Michigan State University,14,10,33,14,98,15,0
2668,"Shevlin, Terry","University of California, Irvine",14,10,9,19,11,29,1
2177,"Thomas, Wayne B.",University of Oklahoma,14,10,22,15,85,16,0
1073,"Verdi, Rodrigo S.",Massachusetts Institute of Technology,14,10,56,12,153,12,0
1075,"Weber, Joseph P.",Massachusetts Institute of Technology,14,10,9,19,44,19,1
2542,"Williamson, Michael G.",University of Texas at Austin,14,10,91,10,230,10,0
1279,"Wood, David A.",Brigham Young University,14,10,91,10,230,10,0
2479,"Banker, Rajiv D.",Temple University,28,9,12,18,7,32,1
2434,"Barth, Mary E.",Stanford University,28,9,33,14,4,34,1
2153,"Beatty, Anne L.",The Ohio State University,28,9,22,15,28,21,1
3341,"Drake, Michael S.",Brigham Young University,28,9,123,9,301,9,0
10,"Hatfield, Richard C.",University of Alabama,28,9,33,14,98,15,0
2382,"Jackson, Scott B.",University of South Carolina,28,9,68,11,197,11,0
2888,"Johnstone, Karla M.",University of Wisconsin-Madison,28,9,16,16,57,18,0
1056,"Khurana, Inder K.",University of Missouri,28,9,33,14,57,18,0
1215,"Landsman, Wayne R.",University of North Carolina at Chapel Hill,28,9,56,12,44,19,1
2442,"Larcker, David F.",Stanford University,28,9,16,16,8,31,1
1715,"Li, Chan",University of Pittsburgh,28,9,91,10,230,10,0
758,"Lobo, Gerald J.",University of Houston,28,9,68,11,153,12,0
2389,"Rose, Jacob M.",Bentley University,28,9,45,13,114,14,0
514,"Sansing, Richard C.",Dartmouth College,28,9,16,16,10,30,1
1191,"Trotman, Ken T.",UNSW Sydney,28,9,16,16,21,23,1
2545,"Yu, Yong",University of Texas at Austin,28,9,91,10,230,10,0
1302,"Armstrong, Christopher S.",University of Pennsylvania,44,8,91,10,230,10,0
3163,"Badertscher, Brad A.",University of Notre Dame,44,8,159,8,372,8,0
2436,"Beyer, Anne",Stanford University,44,8,123,9,301,9,0
297,"Cheng, Qiang",Singapore Management University,44,8,56,12,153,12,0
2347,"Choi, Jong-Hag",Seoul National University,44,8,91,10,230,10,0
737,"Gul, Ferdinand A.",Monash University,44,8,45,13,44,19,1
871,"Hermanson, Dana R.",Kennesaw State University,44,8,91,10,70,17,0
2676,"Hughes, John S.","University of California, Los Angeles",44,8,22,15,15,27,1
110,"Hunton, James E.",Practice,44,8,8,20,4,34,1
565,"Kadous, Kathryn",Emory University,44,8,45,13,85,16,0
2531,"Koonce, Lisa",University of Texas at Austin,44,8,22,15,16,26,1
1022,"Krishnan, Ranjani",Michigan State University,44,8,33,14,85,16,0
1192,"McVay, Sarah E.",University of Washington,44,8,56,12,153,12,0
440,"Mohanram, Partha S.",University of Toronto,44,8,33,14,114,14,0
586,"Raghunandan, K.",Florida International University,44,8,5,23,13,28,1
2269,"Salterio, Steven E.",Queen's University,44,8,56,12,37,20,1
483,"Smith, Rodney E.",California State University Long Beach,44,8,91,10,230,10,0
360,"Sutton, Steve G.",University of Central Florida,44,8,91,10,85,16,0
568,"Towry, Kristy L.",Emory University,44,8,45,13,133,13,0
547,"Venkatachalam, Mohan",Duke University,44,8,13,17,44,19,1
2090,"Wilson, Ryan",University of Oregon,44,8,123,9,301,9,0
2129,"Zhang, X. Frank",Yale University,44,8,91,10,230,10,0
368,"Ball, Ray",University of Chicago,66,7,91,10,98,15,0
3335,"Cadman, Brian",University of Utah,66,7,211,7,446,7,0
2757,"Callen, Jeffrey L.",University of Toronto,66,7,56,12,98,15,0
2363,"Cohen, Daniel A.",University of Texas at Dallas,66,7,91,10,230,10,0
837,"Collins, Daniel W.",University of Iowa,66,7,68,11,57,18,0
1242,"Curtis, Mary B.",University of North Texas,66,7,159,8,197,11,0
314,"Dechow, Patricia M.","University of California, Berkeley",66,7,68,11,37,20,1
538,"Dikolli, Shane S.",Duke University,66,7,68,11,153,12,0
860,"Ettredge, Michael L.",University of Kansas,66,7,45,13,70,17,0
2217,"Gong, Guojin",Pennsylvania State University,66,7,159,8,372,8,0
1019,"Hogan, Chris E.",Michigan State University,66,7,91,10,133,13,0
115,"Hoitash, Rani",Bentley University,66,7,159,8,372,8,0
3215,"Janvrin, Diane J.",Iowa State University,66,7,159,8,372,8,0
177,"Kim, Yongtae",Santa Clara University,66,7,159,8,372,8,0
1070,"Kothari, S. P.",Massachusetts Institute of Technology,66,7,45,13,21,23,1
1255,"Krishnamoorthy, Ganesh",Northeastern University,66,7,91,10,133,13,0
44,"Li, Oliver Zhen",National University of Singapore,66,7,33,14,114,14,0
3367,"Liao, Scott",University of Toronto,66,7,211,7,446,7,0
1200,"Livnat, Joshua",Retired or Emeritus,66,7,68,11,114,14,0
2760,"Lu, Hai",University of Toronto,66,7,159,8,372,8,0
543,"Mayew, William J.",Duke University,66,7,159,8,372,8,0
3373,"McInnis, John M.",University of Texas at Austin,66,7,211,7,446,7,0
785,"Peecher, Mark E.",University of Illinois at Urbana-Champaign,66,7,91,10,114,14,0
280,"Prawitt, Douglas F.",Brigham Young University,66,7,123,9,133,13,0
587,"Rama, Dasaratha V.",Florida International University,66,7,22,15,70,17,0
1898,"Richardson, Vernon J.",University of Arkansas,66,7,68,11,197,11,0
3107,"Robinson, Leslie A.",Dartmouth College,66,7,211,7,446,7,0
1012,"Shakespeare, Catherine",University of Michigan,66,7,123,9,301,9,0
920,"Shivakumar, Lakshmanan",London Business School,66,7,68,11,153,12,0
1189,"Simnett, Roger",UNSW Sydney,66,7,123,9,153,12,0
381,"Skinner, Douglas J.",University of Chicago,66,7,56,12,44,19,1
2280,"Widener, Sally K.",Clemson University,66,7,68,11,133,13,0
658,"Yeung, P. Eric",Cornell University,66,7,123,9,301,9,0
528,"Agoglia, Christopher P.",University of Massachusetts Amherst,99,6,91,10,230,10,0
354,"Arnold, Vicky",University of Central Florida,99,6,211,7,153,12,0
835,"Balakrishnan, Ramji",University of Iowa,99,6,159,8,57,18,0
2792,"Bierstaker, James L.",Villanova University,99,6,286,6,372,8,0
2241,"Birnberg, Jacob G.",University of Pittsburgh,99,6,286,6,301,9,0
2228,"Blouin, Jennifer L.",University of Pennsylvania,99,6,91,10,230,10,0
1110,"Brazel, Joseph F.",North Carolina State University,99,6,159,8,372,8,0
1374,"Cardinaels, Eddy",Tilburg University,99,6,211,7,446,7,0
296,"Chen, Xia",Singapore Management University,99,6,286,6,543,6,0
2549,"Cready, William M.",University of Texas at Dallas,99,6,159,8,114,14,0
1496,"De Franco, Gus",University of Toronto,99,6,211,7,446,7,0
3499,"Donelson, Dain C.",University of Texas at Austin,99,6,286,6,543,6,0
774,"Elliott, W. Brooke",University of Illinois at Urbana-Champaign,99,6,159,8,372,8,0
2243,"Feng, Mei",University of Pittsburgh,99,6,211,7,446,7,0
2740,"Gendron, Yves",Laval University,99,6,68,11,153,12,0
285,"Glover, Steven M.",Brigham Young University,99,6,68,11,114,14,0
2526,"Hales, Jeffrey W.",Georgia Institute of Technology,99,6,211,7,446,7,0
924,"Hall, Matthew",London School of Economics and Political Science,99,6,211,7,446,7,0
655,"Hammersley, Jacqueline S.",University of Georgia,99,6,211,7,446,7,0
664,"Hannan, R. Lynn",Tulane University,99,6,159,8,301,9,0
807,"Hodder, Leslie",Indiana University Bloomington,99,6,91,10,230,10,0
1589,"Hoitash, Udi",Northeastern University,99,6,286,6,543,6,0
2856,"Jayaraman, Sudarshan",University of Rochester,99,6,286,6,543,6,0
2483,"Krishnan, Jagan",Temple University,99,6,159,8,153,12,0
2484,"Krishnan, Jayanthi",Temple University,99,6,68,11,153,12,0
2533,"Laux, Volker",University of Texas at Austin,99,6,286,6,543,6,0
1003,"Li, Feng",University of Michigan,99,6,211,7,446,7,0
596,"Lin, Haijin",University of Houston,99,6,211,7,446,7,0
3371,"Martin, Xiumin",Washington University in St. Louis,99,6,286,6,543,6,0
1217,"Maydew, Edward L.",University of North Carolina at Chapel Hill,99,6,91,10,57,18,0
3441,"Mcguire, Sean T.",Texas A&M University,99,6,286,6,543,6,0
2916,"Mittendorf, Brian",The Ohio State University,99,6,22,15,98,15,0
1828,"Naiker, Vic",Monash University,99,6,211,7,446,7,0
79,"Peters, Gary F.",University of Arkansas,99,6,68,11,197,11,0
1883,"Ramanna, Karthik",Harvard University,99,6,286,6,543,6,0
705,"Riedl, Edward J.",Boston University,99,6,91,10,230,10,0
3056,"Rose, Ania (Anna) M.",Bentley University,99,6,159,8,372,8,0
3170,"Sharma, Divesh S",Kennesaw State University,99,6,286,6,543,6,0
3423,"Sharp, Nathan Y.",Texas A&M University,99,6,286,6,543,6,0
383,"Srinivasan, Suraj",Harvard University,99,6,159,8,372,8,0
613,"Stevens, Douglas E.",Georgia State University,99,6,159,8,230,10,0
3401,"Taylor, Daniel J.",University of Pennsylvania,99,6,286,6,543,6,0
328,"Teoh, Siew Hong Teoh","University of California, Irvine",99,6,123,9,153,12,0
598,"Tucker, Jennifer W.",University of Florida,99,6,123,9,301,9,0
2385,"Tuttle, Brad M.",University of South Carolina,99,6,56,12,44,19,1
2039,"Vasvari, Florin P.",London Business School,99,6,211,7,446,7,0
1157,"Wang, Dechun",Texas A&M University,99,6,123,9,301,9,0
1062,"Wheeler, Patrick R.",University of South Florida,99,6,159,8,372,8,0
3105,"Wittenberg-Moerman, Regina",University of Chicago,99,6,286,6,543,6,0
3233,"Zhang, Haiwen",The Ohio State University,99,6,286,6,543,6,0
1261,"Zhang, Yue (May)",Northeastern University,99,6,286,6,543,6,0
111,"Abdolmohammadi, Mohammad J.",Bentley University,150,5,286,6,301,9,0
2152,"Arya, Anil",The Ohio State University,150,5,22,15,21,23,1
646,"Ayers, Benjamin C.",University of Georgia,150,5,68,11,70,17,0
649,"Bamber, Linda Smith",University of Georgia,150,5,393,5,197,11,0
662,"Brown, Lawrence D.",Temple University,150,5,123,9,44,19,1
2604,"Cahan, Steven F.",University of Auckland,150,5,286,6,446,7,0
2492,"Carcello, Joseph V.",University of Tennessee Knoxville,150,5,123,9,57,18,0
652,"Carpenter, Tina D.",University of Georgia,150,5,286,6,543,6,0
3167,"Carson, Elizabeth",UNSW Sydney,150,5,393,5,667,5,0
2230,"Carter, Mary Ellen",Boston College,150,5,123,9,230,10,0
3336,"Caskey, Judson",University of Texas at Austin,150,5,393,5,667,5,0
132,"Chang, Hsihui",Drexel University,150,5,123,9,230,10,0
763,"Chen, Clara Xiaoling",University of Illinois at Urbana-Champaign,150,5,286,6,543,6,0
2656,"Chen, Shuping",University of Texas at Austin,150,5,123,9,301,9,0
1081,"Chenhall, Robert H.",Monash University,150,5,68,11,98,15,0
4216,"Christ, Margaret H.",University of Georgia,150,5,393,5,667,5,0
284,"Christensen, Theodore E.",Brigham Young University,150,5,123,9,230,10,0
679,"Church, Bryan K.",Georgia Institute of Technology,150,5,286,6,114,14,0
594,"Demski, Joel S.",Retired or Emeritus,150,5,159,8,70,17,0
1280,"Dyreng, Scott D.",Duke University,150,5,393,5,667,5,0
2135,"Easton, Peter D.",University of Notre Dame,150,5,68,11,70,17,0
2242,"Evans, John H.",University of Pittsburgh,150,5,91,10,70,17,0
775,"Farrell, Anne M.",Miami University,150,5,286,6,543,6,0
2265,"Free, Clinton",UNSW Sydney,150,5,286,6,543,6,0
839,"Gleason, Cristi A.",University of Iowa,150,5,159,8,372,8,0
727,"Hilary, Gilles",INSEAD,150,5,159,8,372,8,0
2659,"Hodge, Frank D.",University of Washington,150,5,91,10,197,11,0
1585,"Hofmann, Christian",Ludwig Maximilian University of Munich,150,5,286,6,543,6,0
3152,"Huang, Rong",Baruch College-The City University of New York,150,5,393,5,667,5,0
777,"Jackson, Kevin E.",University of Illinois at Urbana-Champaign,150,5,286,6,543,6,0
821,"Johnson, Eric N.",University of Wyoming,150,5,393,5,230,10,0
438,"Jorgensen, Bjorn N.",London School of Economics and Political Science,150,5,211,7,446,7,0
3237,"Kallunki, Juha-Pekka",University of Oulu,150,5,393,5,667,5,0
2219,"Ke, Bin",Nanyang Technological University,150,5,33,14,57,18,0
1118,"Kelly, Khim Ong",University of Waterloo,150,5,286,6,543,6,0
2107,"Kochetova-Kozloski, Natalia",Saint Mary`s University,150,5,393,5,667,5,0
3190,"Kuang, Xi (Jason)",Georgia Institute of Technology,150,5,393,5,667,5,0
3136,"Laplante, Stacie Kelley",University of Wisconsin-Madison,150,5,393,5,667,5,0
2220,"Leone, Andrew J.",University of Miami,150,5,33,14,98,15,0
1199,"Lev, Baruch",New York University,150,5,123,9,44,19,1
3270,"Lisowsky, Petro",University of Illinois at Urbana-Champaign,150,5,393,5,667,5,0
3016,"Loraas, Tina M.",Auburn University,150,5,286,6,543,6,0
1265,"Lys, Thomas Z.",Northwestern University,150,5,159,8,57,18,0
2661,"Matsumoto, Dawn A.",University of Washington,150,5,68,11,197,11,0
1057,"Mauldin, Elaine G.",University of Missouri,150,5,211,7,372,8,0
3207,"Messner, Martin",University of Innsbruck,150,5,393,5,667,5,0
702,"Miller, Gregory S.",University of Michigan,150,5,68,11,153,12,0
2723,"Neu, Dean",York University,150,5,123,9,57,18,0
1841,"Ng, Jeffrey",Singapore Management University,150,5,393,5,667,5,0
3378,"Nikolaev, Valeri V.",University of Chicago,150,5,393,5,667,5,0
3262,"No, Won Gyun","Rutgers, The State University of New Jersey",150,5,393,5,667,5,0
862,"O`Donnell, Edward F.",Southern Illinois University,150,5,91,10,153,12,0
2798,"Park, Myung Seok",Virginia Commonwealth University,150,5,286,6,543,6,0
3676,"Patatoukas, Panos N.","University of California, Berkeley",150,5,393,5,667,5,0
1060,"Pereira, Raynolde",University of Missouri,150,5,286,6,543,6,0
970,"Piercey, M. David",University of Massachusetts Amherst,150,5,393,5,667,5,0
2444,"Rajan, Madhav V.",Stanford University,150,5,68,11,28,21,1
1027,"Ramesh, K.",Rice University,150,5,286,6,230,10,0
63,"Reckers, Philip M. J.",Arizona State University,150,5,286,6,28,21,1
2762,"Richardson, Gordon D.",University of Toronto,150,5,211,7,98,15,0
214,"Richardson, Scott A.",London Business School,150,5,16,16,70,17,0
378,"Rogers, Jonathan L.",University of Colorado at Boulder,150,5,286,6,543,6,0
1072,"Roychowdhury, Sugata",Boston College,150,5,211,7,446,7,0
1203,"Ryan, Stephen G.",New York University,150,5,91,10,98,15,0
3060,"Samuels, Janet A.",Thunderbird School of Global Management,150,5,286,6,543,6,0
2373,"Sandino, Tatiana",Harvard University,150,5,286,6,543,6,0
3467,"Serafeim, George",Harvard University,150,5,393,5,667,5,0
5353,"Shroff, Nemit",Massachusetts Institute of Technology,150,5,393,5,667,5,0
1043,"Shroff, Pervin K.",University of Minnesota,150,5,211,7,230,10,0
3393,"Sikes, Stephanie A.",University of Pennsylvania,150,5,393,5,667,5,0
301,"Simunic, Dan A.",University of British Columbia - Vancouver,150,5,123,9,85,16,0
756,"Sivaramakrishnan, Konduru",Rice University,150,5,211,7,85,16,0
1305,"Skaife, Hollis","University of California, Davis",150,5,123,9,230,10,0
227,"Sloan, Richard G.","University of California, Berkeley",150,5,68,11,16,26,1
428,"Soderstrom, Naomi S.",University of Melbourne,150,5,286,6,197,11,0
1220,"Stubben, Stephen R.",University of Utah,150,5,393,5,667,5,0
4562,"Thornock, Jacob R.",University of Washington,150,5,393,5,667,5,0
2238,"Tuna, Irem",London Business School,150,5,56,12,153,12,0
931,"Van der Stede, Wim A.",London School of Economics and Political Science,150,5,56,12,133,13,0
2386,"Vandervelde, Scott D.",University of South Carolina,150,5,211,7,446,7,0
955,"Vanstraelen, Ann",Maastricht University,150,5,286,6,543,6,0
2310,"Vasarhelyi, Miklos A.","Rutgers, The State University of New Jersey",150,5,123,9,197,11,0
3562,"Vyas, Dushyantkumar",University of Toronto,150,5,393,5,667,5,0
341,"Walker, Stephen P.",University of Edinburgh,150,5,211,7,153,12,0
2701,"Webb, R. Alan",University of Waterloo,150,5,159,8,301,9,0
2800,"Wier, Benson",Virginia Commonwealth University,150,5,123,9,197,11,0
2512,"Wilkins, Michael S.",Trinity University,150,5,211,7,153,12,0
2085,"Willekens, Marleen",Catholic (Katholieke) University of Leuven,150,5,393,5,543,6,0
2513,"Wolfe, Christopher J.",Texas A&M University,150,5,211,7,230,10,0
391,"Wong, T. J.",Chinese University of Hong Kong,150,5,159,8,133,13,0
322,"Yetman, Michelle H.","University of California, Davis",150,5,211,7,446,7,0
816,"Yohn, Teri Lombardi",Indiana University Bloomington,150,5,211,7,230,10,0
3282,"You, Haifeng",Hong Kong University of Science and Technology,150,5,393,5,667,5,0
2859,"Zach, Tzachi",The Ohio State University,150,5,286,6,543,6,0
3313,"Zang, Yoonseok",Singapore Management University,150,5,393,5,667,5,0
3274,"Zechman, Sarah L. C.",University of Chicago,150,5,393,5,667,5,0
319,"Zhang, Xiao-Jun","University of California, Berkeley",150,5,123,9,114,14,0
445,"Zhang, Yuan",University of Texas at Dallas,150,5,211,7,446,7,0
988,"Abbott, Lawrence J.",University of Wisconsin-Milwaukee,248,4,123,9,230,10,0
2673,"Aboody, David","University of California, Los Angeles",248,4,123,9,98,15,0
2514,"Ali, Ashiq",University of Texas at Dallas,248,4,286,6,133,13,0
2304,"Alles, Michael G.","Rutgers, The State University of New Jersey",248,4,393,5,446,7,0
917,"Amir, Eli",London Business School,248,4,547,4,98,15,0
593,"Asare, Stephen K.",University of Florida,248,4,211,7,133,13,0
632,"Baber, William R.",Georgetown University,248,4,286,6,197,11,0
599,"Baik, Bok",Seoul National University,248,4,547,4,833,4,0
436,"Balachandran, Sudhakar V.",University of Illinois at Chicago,248,4,393,5,667,5,0
2211,"Barron, Orie",Pennsylvania State University,248,4,211,7,153,12,0
39,"Bens, Daniel A.",INSEAD,248,4,159,8,372,8,0
3333,"Bol, Jasmijn C.",Tulane University,248,4,547,4,833,4,0
2598,"Boone, Jeff P.",University of Texas at San Antonio,248,4,286,6,543,6,0
661,"Borthick, A. Faye",Georgia State University,248,4,286,6,230,10,0
2654,"Bowen, Robert M.",University of San Diego,248,4,211,7,230,10,0
3334,"Brochet, Francois",Boston University,248,4,547,4,833,4,0
3509,"Bruynseels, Liesbeth",Catholic (Katholieke) University of Leuven,248,4,547,4,833,4,0
3307,"Burks, Jeffery J.",University of Notre Dame,248,4,547,4,833,4,0
2229,"Bushee, Brian J.",University of Pennsylvania,248,4,123,9,114,14,0
1212,"Bushman, Robert M.",University of North Carolina at Chapel Hill,248,4,159,8,57,18,0
5162,"Byzalov, Dmitri",Temple University,248,4,547,4,833,4,0
3276,"Call, Andrew C.",Arizona State University,248,4,547,4,833,4,0
695,"Campbell, Dennis",Harvard University,248,4,547,4,833,4,0
4441,"Cao, Jian",Florida Atlantic University,248,4,547,4,833,4,0
3782,"Cassell, Cory A.",University of Arkansas,248,4,547,4,833,4,0
1177,"Cheng, Mandy M.",UNSW Sydney,248,4,286,6,543,6,0
3116,"Cheng, Mei",University of Arizona,248,4,547,4,833,4,0
1404,"Clor-Proell, Shana",Texas Christian University,248,4,393,5,667,5,0
2231,"Core, John E.",Massachusetts Institute of Technology,248,4,91,10,153,12,0
5317,"Dai, Zhonglan",University of Texas at Dallas,248,4,547,4,833,4,0
2964,"Debreceny, Roger S.",University of Hawaii at Manoa,248,4,286,6,543,6,0
2822,"Dekker, Henri C.",Vrije (VU) University Amsterdam,248,4,393,5,446,7,0
3542,"Desai, Naman K.",Indian Institute of Management-Ahmedabad,248,4,547,4,833,4,0
9,"DeZoort, F. Todd",University of Alabama,248,4,211,7,153,12,0
846,"Dilla, William N.",Iowa State University,248,4,286,6,301,9,0
748,"Drymiotes, George",University of Cyprus,248,4,393,5,667,5,0
315,"Dutta, Sunil","University of California, Berkeley",248,4,45,13,70,17,0
1263,"Dye, Ronald A.",Northwestern University,248,4,159,8,70,17,0
41,"Eldenburg, Leslie",University of Arizona,248,4,286,6,301,9,0
3311,"Erkens, David H.",University of Southern California,248,4,547,4,833,4,0
540,"Ertimur, Yonca",University of Colorado at Boulder,248,4,286,6,543,6,0
2720,"Everett, Jeff",York University,248,4,393,5,667,5,0
335,"Ezzamel, Mahmoud",Cardiff University,248,4,159,8,230,10,0
316,"Fan, Qintao",University of Illinois at Urbana-Champaign,248,4,393,5,667,5,0
1053,"Farber, David B.",University of Texas at El Paso,248,4,393,5,667,5,0
1491,"Firth, Michael",Lingnan University,248,4,393,5,372,8,0
2215,"Fischer, Paul E.",University of Pennsylvania,248,4,211,7,114,14,0
2854,"Frankel, Richard M.",Washington University in St. Louis,248,4,123,9,153,12,0
1501,"Gao, Pingyang",University of Chicago,248,4,547,4,833,4,0
2658,"Ge, Weili",University of Washington,248,4,211,7,446,7,0
2281,"Geiger, Marshall A.",University of Richmond,248,4,159,8,230,10,0
2979,"Gray, Glen L.",California State University Northridge,248,4,393,5,543,6,0
1537,"Guedhami, Omrane",University of South Carolina,248,4,393,5,667,5,0
3454,"Gunny, Katherine",University of Colorado at Boulder,248,4,547,4,833,4,0
2438,"Guttman, Ilan",New York University,248,4,393,5,667,5,0
2233,"Hail, Luzi",University of Pennsylvania,248,4,286,6,543,6,0
564,"Hecht, Gary W.",University of Illinois at Urbana-Champaign,248,4,393,5,667,5,0
2288,"Heitzman, Shane",University of Southern California,248,4,286,6,543,6,0
749,"Hemmer, Thomas",Rice University,248,4,159,8,44,19,1
606,"Hobson, Jessen L.",University of Illinois at Urbana-Champaign,248,4,393,5,667,5,0
808,"Hopkins, Patrick E.",Indiana University Bloomington,248,4,211,7,230,10,0
3106,"Hsu, Charles",Hong Kong University of Science and Technology,248,4,547,4,833,4,0
3232,"Hui, Kai Wai",Hong Kong University of Science and Technology,248,4,547,4,833,4,0
1001,"Indjejikian, Raffi J.",University of Michigan,248,4,211,7,70,17,0
2235,"Ittner, Christopher D.",University of Pennsylvania,248,4,91,10,44,19,1
2440,"Jagolinzer, Alan D.",University of Colorado at Boulder,248,4,393,5,667,5,0
2711,"Jamal, Karim",University of Alberta,248,4,159,8,114,14,0
2805,"Jenkins, J. Gregory",Virginia Tech,248,4,211,7,372,8,0
1020,"Jiang, John (Xuefeng)",Michigan State University,248,4,393,5,667,5,0
3139,"Johnston, Rick",Not Found,248,4,547,4,833,4,0
621,"Jones, Keith L.",George Mason University,248,4,547,4,833,4,0
2529,"Kachelmeier, Steven J.",University of Texas at Austin,248,4,286,6,85,16,0
3305,"Katz, Sharon P.",Columbia University in the City of New York,248,4,547,4,833,4,0
1069,"Khan, Mozaffar",University of Minnesota,248,4,547,4,833,4,0
2530,"Kinney, William R.",University of Texas at Austin,248,4,123,9,57,18,0
3206,"Kirk, Marcus",University of Florida,248,4,547,4,833,4,0
1672,"Klasa, Sandy",University of Arizona,248,4,547,4,833,4,0
659,"Klassen, Kenneth J.",University of Waterloo,248,4,211,7,153,12,0
2306,"Kogan, Alexander","Rutgers, The State University of New Jersey",248,4,211,7,372,8,0
581,"Kohlbeck, Mark",Florida Atlantic University,248,4,393,5,667,5,0
3503,"Konchitchki, Yaniv","University of California, Berkeley",248,4,547,4,833,4,0
3460,"Kravet, Todd",University of Texas at Dallas,248,4,547,4,833,4,0
1071,"LaFond, Ryan",Practice,248,4,159,8,372,8,0
1216,"Lang, Mark H.",University of North Carolina at Chapel Hill,248,4,68,11,28,21,1
1002,"Lehavy, Reuven",University of Michigan,248,4,123,9,301,9,0
375,"Leuz, Christian",University of Chicago,248,4,123,9,230,10,0
781,"Li, Laura Yue",University of Illinois at Urbana-Champaign,248,4,393,5,667,5,0
3366,"Li, Siqi",Santa Clara University,248,4,547,4,833,4,0
2636,"Lillis, Anne M.",University of Melbourne,248,4,211,7,301,9,0
2678,"Liu, Jing",Cheung Kong Graduate School of Business,248,4,123,9,230,10,0
2221,"Louis, Henock",Pennsylvania State University,248,4,211,7,446,7,0
37,"Lowe, D. Jordan",Arizona State University,248,4,211,7,153,12,0
1004,"Lundholm, Russell, J.",University of British Columbia - Vancouver,248,4,211,7,98,15,0
3319,"Maas, Victor S.",Erasmus University Rotterdam,248,4,547,4,833,4,0
3165,"Magilke, Matthew J",Claremont McKenna College,248,4,547,4,833,4,0
566,"Markov, Stanimir",Southern Methodist University,248,4,159,8,372,8,0
1005,"Matejka, Michal",Arizona State University,248,4,286,6,543,6,0
2890,"Mayhew, Brian W.",University of Wisconsin-Madison,248,4,68,11,114,14,0
1784,"Mergenthaler, Richard D.",University of Iowa,248,4,393,5,667,5,0
3504,"Merkley, Kenneth",Cornell University,248,4,547,4,833,4,0
3675,"Michas, Paul N.",University of Arizona,248,4,547,4,833,4,0
3180,"Miller, Brian P.",Indiana University Bloomington,248,4,547,4,833,4,0
2370,"Mock, Theodore J.","University of California, Riverside",248,4,547,4,230,10,0
954,"Moers, Frank",Maastricht University,248,4,159,8,301,9,0
98,"Monroe, Gary S.",UNSW Sydney,248,4,547,4,667,5,0
2413,"Murthy, Uday S.",University of South Florida,248,4,211,7,197,11,0
3376,"Muslu, Volkan",University of Houston,248,4,547,4,833,4,0
3140,"Neamtiu, Monica",University of Arizona,248,4,547,4,833,4,0
1840,"Newman, Andrew H.",University of South Carolina,248,4,547,4,833,4,0
1850,"O\'Dwyer, Brendan",University of Amsterdam,248,4,393,5,667,5,0
1026,"Petroni, Kathy R.",Michigan State University,248,4,159,8,70,17,0
3455,"Pevzner, Mikhail",University of Baltimore,248,4,547,4,833,4,0
2187,"Pinsker, Robert",Florida Atlantic University,248,4,393,5,667,5,0
2724,"Rahaman, Abu Shiraz",University of Calgary,248,4,393,5,667,5,0
656,"Ramalingegowda, Santhosh",University of Georgia,248,4,393,5,667,5,0
643,"Ramnath, Sundaresh",University of Miami,248,4,393,5,667,5,0
433,"Rankin, Frederick W.",Colorado State University,248,4,211,7,301,9,0
3050,"Raschke, Robyn L.","University of Nevada, Las Vegas",248,4,547,4,833,4,0
844,"Rego, Sonja Olhoft",Indiana University Bloomington,248,4,159,8,372,8,0
2928,"Richardson, Alan J.",University of Windsor,248,4,393,5,153,12,0
359,"Roberts, Robin W.",University of Central Florida,248,4,393,5,301,9,0
2540,"Robinson, John R.",University of Texas at Austin,248,4,159,8,133,13,0
907,"Sami, Heibatollah",Lehigh University,248,4,393,5,372,8,0
3389,"Sanchez, Juan Manuel",Texas Tech University,248,4,547,4,833,4,0
380,"Sapra, Haresh",University of Chicago,248,4,286,6,446,7,0
2460,"Schwartz, Steven T.",Binghamton University,248,4,159,8,301,9,0
3779,"Simon, Chad A.",Utah State University,248,4,547,4,833,4,0
4467,"Sletten, Ewa",Boston College,248,4,547,4,833,4,0
3197,"Smith, David",Monash University,248,4,393,5,667,5,0
789,"Solomon, Ira",Tulane University,248,4,286,6,153,12,0
790,"Sougiannis, Theodore",University of Illinois at Urbana-Champaign,248,4,211,7,153,12,0
2456,"Srinidhi, Bin N.",University of Texas at Arlington,248,4,393,5,372,8,0
3397,"Stefaniak, Chad M.",Central Michigan University,248,4,547,4,833,4,0
1270,"Sunder, Jayanthi",University of Arizona,248,4,393,5,667,5,0
4446,"Tafkov, Ivo D.",Georgia State University,248,4,547,4,833,4,0
3296,"Tan, Seet-Koh",Nanyang Technological University,248,4,547,4,833,4,0
645,"Tang, Vicki Wei",Georgetown University,248,4,393,5,667,5,0
2002,"Tayler, William B.",Brigham Young University,248,4,393,5,667,5,0
2918,"Thomas, Jacob K.",Yale University,248,4,286,6,153,12,0
2017,"Tong, Yen H.",Nanyang Technological University,248,4,393,5,667,5,0
268,"Trompeter, Gregory M.",University of Central Florida,248,4,547,4,230,10,0
1367,"Van Buskirk, Andrew",The Ohio State University,248,4,393,5,667,5,0
3688,"Veenman, David",Erasmus University Rotterdam,248,4,547,4,833,4,0
3176,"Venkataraman, Ramgopal",University of Texas at Arlington,248,4,547,4,833,4,0
2630,"Walker, Martin",University of Manchester,248,4,286,6,301,9,0
3245,"White, Hal D.",Pennsylvania State University,248,4,547,4,833,4,0
454,"Willenborg, Michael",University of Connecticut,248,4,211,7,230,10,0
2160,"Williams, David D.",The Ohio State University,248,4,393,5,230,10,0
1129,"Wu, Anne",National Chengchi University,248,4,286,6,197,11,0
2290,"Wu, Joanna Shuang",University of Rochester,248,4,159,8,372,8,0
795,"Xie, Hong",University of Kentucky,248,4,547,4,543,6,0
3290,"Ye, Zhongxia (Shelly)",University of Texas at San Antonio,248,4,547,4,833,4,0
2161,"Young, Richard A.",The Ohio State University,248,4,211,7,230,10,0
2377,"Young, S. Mark",University of Southern California,248,4,211,7,44,19,1
2291,"Zang, Amy Y.",Hong Kong University of Science and Technology,248,4,547,4,833,4,0
1125,"Zhang, Huai",Nanyang Technological University,248,4,286,6,543,6,0
1044,"Zhang, Ivy Xiying",University of Minnesota,248,4,393,5,667,5,0
2378,"Zhang, Jieying",University of Texas at Dallas,248,4,547,4,833,4,0
26,"Zhang, Yinqi","American University Washington, DC",248,4,286,6,543,6,0
2496,"Ahmed, Anwer S.",Texas A&M University,407,3,211,7,230,10,0
1288,"Aier, Jagadison K.",George Mason University,407,3,752,3,1070,3,0
386,"Altamuro, Jennifer",The Ohio State University,407,3,547,4,833,4,0
2276,"Anderson, Shannon W.","University of California, Davis",407,3,393,5,230,10,0
2897,"Arnold, Patricia J.",University of Wisconsin-Milwaukee,407,3,547,4,301,9,0
2597,"Asthana, Sharad",University of Texas at San Antonio,407,3,286,6,446,7,0
1240,"Atwood, T. J.",University of Arkansas,407,3,393,5,543,6,0
989,"Bailey, Charles D.",University of Memphis,407,3,393,5,446,7,0
3416,"Balakrishnan, Karthik",London Business School,407,3,752,3,1070,3,0
1313,"Ball, Ryan",University of Michigan,407,3,752,3,1070,3,0
3497,"Bertomeu, Jeremy",Baruch College-The City University of New York,407,3,752,3,1070,3,0
457,"Bloomfield, Robert J.",Cornell University,407,3,159,8,114,14,0
2362,"Bonner, Sarah E.",University of Southern California,407,3,211,7,44,19,1
5164,"Bonsall, Samuel B.",The Ohio State University,407,3,752,3,1070,3,0
2695,"Boritz, J. Efrim",University of Waterloo,407,3,547,4,372,8,0
4402,"Bova, Francesco",University of Toronto,407,3,752,3,1070,3,0
86,"Brandon, Duane M.",Auburn University,407,3,286,6,543,6,0
3284,"Brown-Liburd, Helen","Rutgers, The State University of New Jersey",407,3,752,3,1070,3,0
49,"Brown, Jennifer L.",Arizona State University,407,3,752,3,1070,3,0
3577,"Brown, Nerissa C.",University of Delaware,407,3,752,3,1070,3,0
951,"Bruggen, Alexander",Maastricht University,407,3,547,4,833,4,0
2411,"Bryant, Stephanie M.",Missouri State University,407,3,393,5,446,7,0
3445,"Campbell, John L.",University of Georgia,407,3,752,3,1070,3,0
2418,"Carter, Chris",University of Edinburgh,407,3,547,4,833,4,0
3162,"Cassar, Gavin",INSEAD,407,3,752,3,1070,3,0
429,"Casterella, Jeffrey R.",Colorado State University,407,3,547,4,667,5,0
910,"Chan, K. Hung",Lingnan University,407,3,211,7,230,10,0
3442,"Chen, Changling",University of Waterloo,407,3,752,3,1070,3,0
723,"Chen, Chih-Ying",Singapore Management University,407,3,752,3,1070,3,0
3582,"Chen, Feng",University of Toronto,407,3,752,3,1070,3,0
3338,"Chen, Jeff Zeyun",University of Colorado at Boulder,407,3,752,3,1070,3,0
3510,"Chen, Jeng-fang",National Cheng-Kung University (Taiwan),407,3,752,3,1070,3,0
1388,"Chen, Lucy Huajing",Villanova University,407,3,752,3,1070,3,0
537,"Chen, Qi",Duke University,407,3,211,7,446,7,0
3459,"Chen, Zhihong",Hong Kong University of Science and Technology,407,3,752,3,1070,3,0
945,"Cheng, C. S. Agnes",Hong Kong Polytechnic University,407,3,547,4,446,7,0
4481,"Cheynel, Edwige",Columbia University in the City of New York,407,3,752,3,1070,3,0
4410,"Choi, Jongwoon",University of Pittsburgh,407,3,752,3,1070,3,0
3143,"Choudhary, Preeti",Georgetown University,407,3,752,3,1070,3,0
3253,"Christensen, Hans B.",University of Chicago,407,3,752,3,1070,3,0
1399,"Christensen, Peter Ove",Aarhus University,407,3,211,7,230,10,0
2924,"Chung, Janne O. Y.",York University,407,3,547,4,667,5,0
3285,"Cianci, Anna M.",Wake Forest University,407,3,752,3,1070,3,0
51,"Comprix, Joseph",Syracuse University,407,3,547,4,833,4,0
2706,"Cooper, David J.",University of Alberta,407,3,211,7,133,13,0
2634,"Coram, Paul",University of Adelaide,407,3,547,4,833,4,0
3300,"Cornell, Robert M.",Oklahoma State University,407,3,752,3,1070,3,0
4490,"Correia, Maria",London Business School,407,3,752,3,1070,3,0
4368,"Curtis, Asher",University of Washington,407,3,752,3,1070,3,0
3097,"Daske, Holger",University of Mannheim,407,3,752,3,1070,3,0
2364,"DeFond, Mark L.",University of Southern California,407,3,56,12,21,23,1
2576,"Deis, Donald R.",Texas A&M University Corpus Christi,407,3,547,4,543,6,0
3809,"Deng, Mingcherng",Baruch College-The City University of New York,407,3,752,3,1070,3,0
1447,"Denis, David J.",University of Pittsburgh,407,3,752,3,833,4,0
3164,"Denison, Christine A",Iowa State University,407,3,752,3,1070,3,0
370,"Dey, Aiyesha",University of Minnesota,407,3,547,4,833,4,0
3310,"Dowling, Carlin",University of Melbourne,407,3,752,3,1070,3,0
2779,"Doyle, Jeffrey T.",Utah State University,407,3,211,7,446,7,0
1131,"Duh, Rong-Ruey",National Taiwan University,407,3,547,4,833,4,0
539,"Ecker, Frank",Duke University,407,3,547,4,833,4,0
1472,"Einhorn, Eti",Tel Aviv University,407,3,286,6,543,6,0
2468,"Elder, Randal J.",Syracuse University,407,3,393,5,446,7,0
372,"Erickson, Merle M.",University of Chicago,407,3,91,10,44,19,1
5390,"Eshleman, John Daniel",Oklahoma State University,407,3,752,3,1070,3,0
2642,"Falsetta, Diana",University of Miami,407,3,393,5,667,5,0
3424,"Faurel, Lucile","University of California, Irvine",407,3,752,3,1070,3,0
2155,"Fellingham, John C.",The Ohio State University,407,3,393,5,197,11,0
3181,"Files, Rebecca",University of Texas at Dallas,407,3,752,3,1070,3,0
541,"Francis, Jennifer",Duke University,407,3,45,13,19,25,1
3234,"Fung, Simon Yu Kit",Hong Kong Polytechnic University,407,3,752,3,1070,3,0
3161,"Garcia Osma, Beatriz",Universidad Autonoma de Madrid,407,3,752,3,1070,3,0
2417,"Gaynor, Lisa Milici",University of South Florida,407,3,547,4,833,4,0
3344,"Gerakos, Joseph",University of Chicago,407,3,752,3,1070,3,0
2977,"Gerard, Gregory J.",Florida State University,407,3,393,5,667,5,0
497,"Ghosh, Aloke",Baruch College-The City University of New York,407,3,286,6,543,6,0
3325,"Goh, Beng Wee",Singapore Management University,407,3,752,3,1070,3,0
633,"Gore, Angela K.",George Washington University,407,3,752,3,1070,3,0
3346,"Gow, Ian D.",Harvard University,407,3,752,3,1070,3,0
5266,"Grabner, Isabella",Maastricht University,407,3,752,3,1070,3,0
866,"Graham, John R.",Duke University,407,3,547,4,833,4,0
109,"Graham, Lynford E.",Bentley University,407,3,547,4,543,6,0
2823,"Groot, Tom L. C. M.",Vrije (VU) University Amsterdam,407,3,752,3,833,4,0
2232,"Guay, Wayne R.",University of Pennsylvania,407,3,123,9,153,12,0
2191,"Guenther, David A.",University of Oregon,407,3,286,6,98,15,0
3349,"Hageman, Amy M",Kansas State University,407,3,752,3,1070,3,0
5071,"Harp, Nancy L.",Clemson University,407,3,752,3,1070,3,0
2581,"Haw, In-Mu G.",Texas Christian University,407,3,286,6,301,9,0
577,"Higgs, Julia L.",Florida Atlantic University,407,3,286,6,543,6,0
324,"Ho, Joanna L.Y.","University of California, Irvine",407,3,752,3,446,7,0
2244,"Hoffman, Vicky B.",University of Pittsburgh,407,3,547,4,301,9,0
11,"Houston, Richard W.",University of Alabama,407,3,393,5,301,9,0
840,"Hribar, Paul",University of Iowa,407,3,159,8,301,9,0
3251,"Huang, Shawn",Arizona State University,407,3,752,3,1070,3,0
667,"Hugon, Artur",Arizona State University,407,3,547,4,833,4,0
389,"Hung, Mingyi",Hong Kong University of Science and Technology,407,3,123,9,230,10,0
607,"Huston, G. Ryan",Arizona State University,407,3,752,3,1070,3,0
168,"Jenkins, Nicole Thorne",University of Kentucky,407,3,393,5,667,5,0
2789,"Jeter, Debra C.",Vanderbilt University,407,3,547,4,153,12,0
670,"Joe, Jennifer R.",University of Delaware,407,3,286,6,543,6,0
1021,"Johnson, Marilyn F.",Michigan State University,407,3,547,4,230,10,0
841,"Johnson, W. Bruce",University of Iowa,407,3,393,5,372,8,0
4573,"Jung, Boochun",University of Hawaii at Manoa,407,3,752,3,1070,3,0
3551,"Kama, Itay",Tel Aviv University,407,3,752,3,1070,3,0
3355,"Keung, Edmund C.",National University of Singapore,407,3,752,3,1070,3,0
968,"Kida, Thomas E.",University of Massachusetts Amherst,407,3,286,6,197,11,0
175,"Kilic, Emre",University of Houston,407,3,547,4,833,4,0
765,"Kim, Kyonghee",University of Missouri,407,3,547,4,833,4,0
701,"Kimbrough, Michael D.",University of Maryland,407,3,211,7,446,7,0
3102,"Koh, Kevin",Nanyang Technological University,407,3,752,3,1070,3,0
779,"Krische, Susan D.","American University Washington, DC",407,3,286,6,543,6,0
2258,"Kross, William",State University of New York at Buffalo,407,3,393,5,372,8,0
2532,"Krull, Linda K.",University of Oregon,407,3,211,7,446,7,0
637,"Kulp, Susan L.",George Washington University,407,3,547,4,667,5,0
926,"Labro, Eva",University of North Carolina at Chapel Hill,407,3,547,4,833,4,0
1694,"Langberg, Nisan",University of Houston,407,3,752,3,1070,3,0
3254,"Lee, Edward",University of Manchester,407,3,752,3,1070,3,0
4084,"Lee, Sam (Sunghan)",University of Illinois at Chicago,407,3,752,3,1070,3,0
5167,"Lee, Woo-Jong",Hong Kong Polytechnic University,407,3,752,3,1070,3,0
3519,"Leech, Stewart",Retired or Emeritus,407,3,752,3,1070,3,0
345,"Levine, Carolyn B.","Rutgers, The State University of New Jersey",407,3,393,5,446,7,0
3321,"Li, Edward Xuejun",Baruch College-The City University of New York,407,3,752,3,1070,3,0
842,"Li, Haidan",Santa Clara University,407,3,547,4,833,4,0
461,"Libby, Robert",Cornell University,407,3,91,10,19,25,1
2877,"Libby, Theresa",University of Waterloo,407,3,393,5,372,8,0
1119,"Lim, Chee Yeow",Singapore Management University,407,3,547,4,833,4,0
3693,"Lim, Jee-Hae",University of Waterloo,407,3,752,3,1070,3,0
911,"Lin, Kenny Z.",Lingnan University,407,3,393,5,667,5,0
730,"Liu, Xiaohong",University of Hong Kong,407,3,547,4,833,4,0
3241,"Liu, Xiaotao (Kelvin)",Northeastern University,407,3,752,3,1070,3,0
5173,"Lo, Alvis K.",Boston College,407,3,752,3,1070,3,0
5389,"Long, James H.",Auburn University,407,3,752,3,1070,3,0
3564,"Luo, Shuqing",National University of Singapore,407,3,752,3,1070,3,0
3790,"Maffett, Mark",University of Chicago,407,3,752,3,1070,3,0
3767,"Malsch, Bertrand",Queen's University,407,3,752,3,1070,3,0
1257,"Maroney, James J.",Retired or Emeritus,407,3,393,5,446,7,0
3372,"Masli, Adi",University of Kansas,407,3,752,3,1070,3,0
2194,"Matsunaga, Steven R.",University of Oregon,407,3,393,5,230,10,0
3508,"McAllister, Brian P.",University of Colorado - Colorado Springs,407,3,752,3,1070,3,0
2761,"McCracken, Susan A.",McMaster University,407,3,211,7,446,7,0
927,"Mennicken, Andrea",London School of Economics and Political Science,407,3,752,3,1070,3,0
2368,"Merchant, Kenneth A.",University of Southern California,407,3,286,6,197,11,0
3559,"Minnis, Michael",University of Chicago,407,3,752,3,1070,3,0
3492,"Minutti-Meza, Miguel",University of Miami,407,3,752,3,1070,3,0
830,"Monahan, Steven J.",INSEAD,407,3,286,6,543,6,0
3374,"Morrow, Michaele",Suffolk University,407,3,752,3,1070,3,0
2245,"Moser, Donald V.",University of Pittsburgh,407,3,393,5,153,12,0
1058,"Moser, William",Miami University,407,3,547,4,833,4,0
88,"Mueller-Phillips, Jennifer M.",Auburn University,407,3,286,6,543,6,0
3103,"Murphy, Pamela",Queen's University,407,3,752,3,1070,3,0
2502,"Myers, James N.",University of Arkansas,407,3,393,5,543,6,0
1006,"Nagar, Venky",University of Michigan,407,3,159,8,230,10,0
2246,"Nagarajan, Nandu J.",University of Pittsburgh,407,3,393,5,446,7,0
3295,"Nan, Lin",Purdue University,407,3,752,3,1070,3,0
544,"Nanda, Dhananjay (DJ)",University of Miami,407,3,211,7,372,8,0
784,"Narayanamoorthy, Ganapathi S.",Tulane University,407,3,547,4,833,4,0
2554,"Natarajan, Ramachandran",University of Texas at Dallas,407,3,752,3,833,4,0
1835,"Navissi, Farshid",Monash University,407,3,752,3,833,4,0
2277,"Nelson, Karen K.",Rice University,407,3,286,6,197,11,0
2537,"Newman, Paul",University of Texas at Austin,407,3,547,4,301,9,0
3238,"Nilsson, Henrik",Stockholm School of Economics,407,3,752,3,1070,3,0
545,"Olsson, Per M.",Duke University,407,3,159,8,301,9,0
3379,"Ormazabal, Gaizka","IESE Business School, University of Navarra",407,3,752,3,1070,3,0
3784,"Pandit, Shail",University of Illinois at Chicago,407,3,752,3,1070,3,0
2335,"Parker, Susan",Santa Clara University,407,3,159,8,301,9,0
612,"Paterson, Jeffrey S.",Florida State University,407,3,393,5,446,7,0
2645,"Patro, Sukesh",Northern Illinois University,407,3,752,3,1070,3,0
442,"Penman, Stephen H.",Columbia University in the City of New York,407,3,211,7,98,15,0
3513,"Peytcheva, Marietta",Lehigh University,407,3,752,3,1070,3,0
169,"Pfeiffer, Thomas",University  of Vienna,407,3,752,3,1070,3,0
2555,"Radhakrishnan, Suresh",University of Texas at Dallas,407,3,393,5,446,7,0
1251,"Raman, K. K.",University of Texas at San Antonio,407,3,286,6,446,7,0
3248,"Rebello, Michael",University of Texas at Dallas,407,3,752,3,1070,3,0
3385,"Reffett, Andrew B.",Miami University,407,3,752,3,1070,3,0
2445,"Reichelstein, Stefan",Stanford University,407,3,56,12,28,21,1
213,"Reynolds, J. Kenneth",Florida State University,407,3,286,6,446,7,0
2520,"Ricketts, Robert C.",Texas Tech University,407,3,393,5,301,9,0
2943,"Riley, Jennifer L.",University of Nebraska-Omaha,407,3,752,3,1070,3,0
4539,"Riley, Tracey",Suffolk University,407,3,752,3,1070,3,0
1904,"Roberts, John",University of Sydney,407,3,547,4,543,6,0
3696,"Rothenberg, Naomi R.",University of Alberta,407,3,752,3,1070,3,0
1259,"Rupert, Timothy J.",Northeastern University,407,3,393,5,301,9,0
1268,"Rusticus, Tjomme O.",Northwestern University,407,3,752,3,1070,3,0
443,"Sadka, Gil",University of Texas at Dallas,407,3,547,4,833,4,0
2210,"Saouma, Richard E.",Practice,407,3,393,5,667,5,0
1920,"Sappington, David E. M.",University of Florida,407,3,547,4,543,6,0
3187,"Schelleman, Caren",Maastricht University,407,3,752,3,1070,3,0
546,"Schipper, Katherine",Duke University,407,3,91,10,133,13,0
435,"Schmidt, Andrew P.",North Carolina State University,407,3,393,5,667,5,0
4408,"Schmidt, Jaime J",University of Texas at Austin,407,3,752,3,1070,3,0
2666,"Sedor, Lisa M.",DePaul University,407,3,286,6,543,6,0
222,"Seethamraju, Chandrakanth",Practice,407,3,547,4,833,4,0
2763,"Segal, Dan",Reichman University (IDC Herzliya),407,3,211,7,446,7,0
1937,"Seybert, Nicholas",University of Maryland,407,3,752,3,1070,3,0
1219,"Shackelford, Douglas A.",University of North Carolina at Chapel Hill,407,3,159,8,37,20,1
589,"Sharma, Vineeta",Kennesaw State University,407,3,547,4,833,4,0
625,"Shen, Min",Baruch College-The City University of New York,407,3,547,4,833,4,0
800,"Shin, Jae Yong",Seoul National University,407,3,547,4,833,4,0
266,"Shu, Susan Zhan",Boston College,407,3,547,4,667,5,0
3209,"SkÃ¦rbÃ¦k, Peter",Copenhagen Business School,407,3,752,3,1070,3,0
4518,"Smith, Antoinette L.",Florida International University,407,3,752,3,1070,3,0
3320,"Smith, Jason L.","University of Nevada, Las Vegas",407,3,752,3,1070,3,0
788,"Smith, Steven D.",Brigham Young University,407,3,393,5,667,5,0
4458,"So, Eric C",Massachusetts Institute of Technology,407,3,752,3,1070,3,0
2670,"Soliman, Mark T.",University of Southern California,407,3,91,10,230,10,0
267,"Soo, Billy S.",Boston College,407,3,752,3,372,8,0
814,"Sprinkle, Geoffrey B.",Indiana University Bloomington,407,3,123,9,133,13,0
1972,"Srivastava, Anup",Dartmouth College,407,3,752,3,1070,3,0
864,"Srivastava, Rajendra P.",University of Kansas,407,3,393,5,301,9,0
69,"Steinbart, Paul J.",Arizona State University,407,3,211,7,230,10,0
516,"Stocken, Phillip C.",Dartmouth College,407,3,211,7,301,9,0
884,"Stone, Dan N.",University of Kentucky,407,3,393,5,133,13,0
740,"Su, Lixin Nancy",Hong Kong Polytechnic University,407,3,752,3,1070,3,0
3565,"Suk, Inho",State University of New York at Buffalo,407,3,752,3,1070,3,0
2225,"Sun, Amy X.",University of Houston,407,3,752,3,1070,3,0
2309,"Sun, Lili",University of North Texas,407,3,547,4,833,4,0
2509,"Swanson, Edward P.",Texas A&M University,407,3,286,6,301,9,0
2849,"Sweeney, John T.",University of Kansas,407,3,547,4,372,8,0
469,"Taylor, Mark H.",Case Western Reserve University,407,3,393,5,543,6,0
3304,"Thayer, Jane M.",University of Georgia,407,3,752,3,1070,3,0
3142,"Truong, Cameron",Monash University,407,3,752,3,1070,3,0
845,"Tubbs, Richard M.",Retired or Emeritus,407,3,547,4,301,9,0
3265,"Van Veen-Dirks, Paula",University of Groningen,407,3,752,3,1070,3,0
3456,"Vance, Thomas W.",University of Illinois at Urbana-Champaign,407,3,752,3,1070,3,0
2042,"Venkataraman, Shankar",Georgia Institute of Technology,407,3,547,4,833,4,0
3213,"Vermeer, Thomas",University of Delaware,407,3,752,3,1070,3,0
626,"Visvanathan, Gnanakumar",George Mason University,407,3,547,4,833,4,0
5100,"Wang, Elaine Ying",University of Massachusetts Amherst,407,3,752,3,1070,3,0
1030,"Wang, Isabel Yanyan",Michigan State University,407,3,547,4,833,4,0
2056,"Wang, Qian",Iowa State University,407,3,752,3,1070,3,0
5113,"Wang, Tawei",University of Hawaii at Manoa,407,3,752,3,1070,3,0
569,"Wang, Xue (Accounting)",The Ohio State University,407,3,393,5,667,5,0
2289,"Wasley, Charles E.",University of Rochester,407,3,211,7,230,10,0
1074,"Watts, Ross L.",Massachusetts Institute of Technology,407,3,547,4,230,10,0
2511,"Weaver, Connie D.",Texas A&M University,407,3,159,8,301,9,0
1551,"Weber, David P.",University of Connecticut,407,3,752,3,1070,3,0
2477,"Weiss, Dan",Tel Aviv University,407,3,752,3,1070,3,0
2272,"Welker, Michael",Queen's University,407,3,286,6,230,10,0
2390,"Welker, Robert B.",Retired or Emeritus,407,3,547,4,153,12,0
1713,"Western, Melissa F.",University of Utah,407,3,752,3,1070,3,0
2716,"Wier, Heather A.",University of Alberta,407,3,547,4,446,7,0
2790,"Willis, Richard H.",Vanderbilt University,407,3,393,5,372,8,0
975,"Wright, Sally",University of Massachusetts Boston,407,3,211,7,301,9,0
793,"Wright, William F.",University of Illinois at Urbana-Champaign,407,3,286,6,301,9,0
742,"Wu, Donghui",Chinese University of Hong Kong,407,3,393,5,667,5,0
3289,"Wu, Xi",Central University of Finance and Economics,407,3,752,3,1070,3,0
4405,"Yang, Yong George",Chinese University of Hong Kong,407,3,752,3,1070,3,0
5308,"Yang, Zhifeng",City University of Hong Kong,407,3,752,3,1070,3,0
323,"Yetman, Robert J.","University of California, Davis",407,3,211,7,372,8,0
3412,"Yi, Han",Korea University,407,3,752,3,1070,3,0
394,"Young, Danqing",Chinese University of Hong Kong,407,3,393,5,543,6,0
5511,"Yu, Gwen",Harvard University,407,3,752,3,1070,3,0
3457,"Zerni, Mikko",University of Jyvaskyla,407,3,752,3,1070,3,0
732,"Zhang, Guochang",Hong Kong University of Science and Technology,407,3,286,6,301,9,0
2767,"Zhang, Ping",University of Toronto,407,3,393,5,301,9,0
4439,"Zhang, Tianyu",Chinese University of Hong Kong,407,3,752,3,1070,3,0
4581,"Zhang, Weining",Cheung Kong Graduate School of Business,407,3,752,3,1070,3,0
395,"Zhang, Yinglei",Chinese University of Hong Kong,407,3,547,4,833,4,0
548,"Zhang, Yun",George Washington University,407,3,393,5,667,5,0
3168,"Zhou, Yibin",University of Texas at Dallas,407,3,752,3,1070,3,0
4451,"Zhuang, Zili",Chinese University of Hong Kong,407,3,752,3,1070,3,0
293,"Zimbelman, Mark F.",Brigham Young University,407,3,393,5,446,7,0
2134,"Zutter, Chad J.",University of Pittsburgh,407,3,752,3,1070,3,0
2632,"Abernethy, Margaret A.",University of Melbourne,669,2,547,4,133,13,0
2410,"Albring, Susan M.",Syracuse University,669,2,752,3,1070,3,0
3242,"Alburquerque, Ana",Boston University,669,2,1047,2,1462,2,0
5163,"Alissa, Walid",HEC Paris,669,2,1047,2,1462,2,0
1205,"Anandarajan, Asokan A.",New Jersey`s Science and Technology University,669,2,1047,2,1070,3,0
3773,"Anantharaman, Divya","Rutgers, The State University of New Jersey",669,2,1047,2,1462,2,0
4425,"Andon, Paul",UNSW Sydney,669,2,1047,2,1462,2,0
2980,"Aranda, Carmen","IESE Business School, University of Navarra",669,2,1047,2,1462,2,0
2987,"Arellano, Javier","IESE Business School, University of Navarra",669,2,1047,2,1462,2,0
1052,"Arunachalam, Vairam",University of Missouri,669,2,286,6,372,8,0
2919,"Autrey, Romana L.",University of Illinois at Urbana-Champaign,669,2,1047,2,1462,2,0
647,"Baginski, Stephen P.",University of Georgia,669,2,393,5,197,11,0
2005,"Bagley, Penelope Lee",Appalachian State University,669,2,1047,2,1462,2,0
2255,"Bagnoli, Mark",Purdue University,669,2,547,4,543,6,0
4081,"Bailey, Wendy J.",Northeastern University,669,2,1047,2,1462,2,0
2227,"Baiman, Stanley",University of Pennsylvania,669,2,393,5,85,16,0
437,"Baldenius, Tim",New York University,669,2,159,8,230,10,0
2478,"Balsam, Steven",Temple University,669,2,286,6,230,10,0
648,"Bamber, E. Michael",University of Georgia,669,2,547,4,153,12,0
2548,"Bardhan, Indranil R.",University of Texas at Dallas,669,2,1047,2,1462,2,0
874,"Barniv, Ran",Kent State University,669,2,547,4,667,5,0
561,"Barton, Jan",Emory University,669,2,286,6,446,7,0
1193,"Bartov, Eli",New York University,669,2,211,7,85,16,0
3332,"Barua, Abhijit",Florida International University,669,2,1047,2,1462,2,0
2480,"Basu, Sudipta",Temple University,669,2,752,3,833,4,0
3904,"Baxter, Ryan J.",Boise State University,669,2,1047,2,1462,2,0
2435,"Beaver, William H.",Retired or Emeritus,669,2,159,8,57,18,0
4430,"Bebbington, Jan",University of St Andrews,669,2,1047,2,1462,2,0
804,"Beneish, Messod Daniel",Indiana University Bloomington,669,2,752,3,301,9,0
355,"Benford, Tanya S.",Florida Gulf Coast University,669,2,1047,2,1070,3,0
3571,"Berger, Leslie",Wilfrid Laurier University,669,2,1047,2,1462,2,0
3137,"Bernile, Gennaro",Singapore Management University,669,2,1047,2,1462,2,0
2396,"Bhattacharya, Nilabhra",Southern Methodist University,669,2,393,5,543,6,0
455,"Bhojraj, Sanjeev",Cornell University,669,2,211,7,446,7,0
448,"Biggs, Stanley F.",University of Connecticut,669,2,752,3,230,10,0
600,"Billings, Bruce K.",Florida State University,669,2,752,3,667,5,0
1194,"Billings, Mary Brooke",New York University,669,2,1047,2,1462,2,0
802,"Blacconiere, Walter G.",Deceased,669,2,752,3,446,7,0
5307,"Blankespoor, Elizabeth",Stanford University,669,2,1047,2,1462,2,0
4311,"Blankley, Alan I.",University of North Carolina at Charlotte,669,2,547,4,833,4,0
601,"Blay, Allen D.",Florida State University,669,2,547,4,833,4,0
356,"Bobek Schmitt, Donna",University of South Carolina,669,2,286,6,543,6,0
1351,"Bouwens, Jan",Tilburg University,669,2,393,5,543,6,0
2946,"Bowen, Paul L.",Retired or Emeritus,669,2,547,4,833,4,0
3157,"Bowlin, Kendall O.",University of Mississippi,669,2,1047,2,1462,2,0
2844,"Boylan, Scott J.",Washington and Lee University,669,2,752,3,833,4,0
4386,"Bozanic, Zahn",The Ohio State University,669,2,1047,2,1462,2,0
2947,"Bradley, Wray E.",University of Tulsa,669,2,1047,2,1462,2,0
694,"Bradshaw, Mark T.",Boston College,669,2,286,6,446,7,0
5121,"Bratten, Brian",University of Kentucky,669,2,1047,2,1462,2,0
3498,"Brewster, Billy",University of Texas at Arlington,669,2,1047,2,1462,2,0
5061,"Brink, Alisa G.",Virginia Commonwealth University,669,2,1047,2,1462,2,0
1526,"Brown, Jason L.",Indiana University Bloomington,669,2,1047,2,1462,2,0
5082,"Brown, Timothy",University of Illinois at Urbana-Champaign,669,2,1047,2,1462,2,0
1362,"Bryant-Kutcher, Lisa A.",Colorado State University,669,2,547,4,667,5,0
3768,"Bryer, Alice Rose",IE University,669,2,1047,2,1462,2,0
1366,"Burney, Laurie",Baylor University,669,2,547,4,833,4,0
283,"Burton, F. Greg",Brigham Young University,669,2,547,4,446,7,0
492,"Byard, Donal",Baruch College-The City University of New York,669,2,547,4,833,4,0
74,"Callahan, Carolyn M.",University of Louisville,669,2,752,3,667,5,0
3788,"Cao, Ying",Chinese University of Hong Kong,669,2,1047,2,1462,2,0
3529,"Cao, Zhiyan",University of Washington-Tacoma,669,2,1047,2,1462,2,0
4191,"Carnaghan, Carla",University of Lethbridge,669,2,1047,2,1462,2,0
3240,"Cecchini, Mark",University of South Carolina,669,2,1047,2,1462,2,0
2207,"Chan, Kam C.",Pace University,669,2,1047,2,833,4,0
2786,"Chaney, Paul K.",Vanderbilt University,669,2,547,4,372,8,0
1995,"Chang, Linda",UNSW Sydney,669,2,1047,2,1462,2,0
404,"Chen, Charles Jieping.",China Europe International Business school,669,2,752,3,667,5,0
4541,"Chen, Chen",University of Auckland,669,2,1047,2,1462,2,0
3337,"Chen, Hanwen",Xiamen University,669,2,1047,2,1462,2,0
5131,"Chen, Long",George Mason University,669,2,1047,2,1462,2,0
734,"Chen, Shimin",China Europe International Business school,669,2,1047,2,1070,3,0
726,"Chen, Tai-Yuan",Hong Kong University of Science and Technology,669,2,752,3,1070,3,0
5099,"Chen, Wei",UNSW Sydney,669,2,1047,2,1462,2,0
5594,"Chen, Yunhao",Florida International University,669,2,1047,2,1462,2,0
3299,"Chi, Hsin-yi",National Chung Hsing University,669,2,1047,2,1462,2,0
3326,"Chi, Wuchun",Not Found,669,2,1047,2,1462,2,0
3298,"Chin, Chen-Lung",National Chengchi University,669,2,1047,2,1462,2,0
446,"Cho, Charles H.",ESSEC Business School,669,2,752,3,1070,3,0
5285,"Choi, Sunhwa",Lancaster University,669,2,1047,2,1462,2,0
4363,"Christensen, Brant E.",Texas A&M University,669,2,1047,2,1462,2,0
1179,"Chua, Wai Fong",UNSW Sydney,669,2,393,5,114,14,0
5075,"Chuk, Elizabeth C.",University of Southern California,669,2,1047,2,1462,2,0
5348,"Chyz, James A.",University of Tennessee Knoxville,669,2,1047,2,1462,2,0
3678,"Ciftci, Mustafa",American University of Sharjah,669,2,1047,2,1462,2,0
5438,"Clinton, Sarah B.",University of Tennessee Knoxville,669,2,1047,2,1462,2,0
3490,"Collier, Philip A.",University of Melbourne,669,2,1047,2,1462,2,0
3297,"Collins, Denton L.",Texas Tech University,669,2,1047,2,1462,2,0
5297,"Cong, Yu",Morgan State University,669,2,1047,2,1462,2,0
1414,"Cools, Martine",Not Found,669,2,1047,2,1462,2,0
3111,"Cormier, Denis",University of Quebec at Montreal,669,2,1047,2,1462,2,0
3275,"Corona, Carlos",Carnegie Mellon University,669,2,1047,2,1462,2,0
3553,"Costello, Anna M.",Massachusetts Institute of Technology,669,2,1047,2,1462,2,0
5629,"Crossler, Robert E.",Mississippi State University,669,2,1047,2,1462,2,0
458,"D`Souza, Julia M.",Cornell University,669,2,752,3,301,9,0
4389,"Dalton, Derek",Clemson University,669,2,1047,2,1462,2,0
493,"Darrough, Masako N.",Baruch College-The City University of New York,669,2,547,4,446,7,0
764,"Das, Somnath",University of Illinois at Chicago,669,2,752,3,372,8,0
3928,"Daugherty, Brian",University of Wisconsin-Milwaukee,669,2,1047,2,1462,2,0
3318,"Davidson, Bruce",University of West Florida,669,2,1047,2,1462,2,0
2744,"Davila, Antonio","IESE Business School, University of Navarra",669,2,91,10,153,12,0
2190,"Davis, Angela K.",University of Oregon,669,2,286,6,543,6,0
141,"Davis, Shawn M.",Not Found,669,2,1047,2,1462,2,0
3023,"Davison, Jane","Royal Holloway, University of London",669,2,1047,2,1462,2,0
5322,"De Simone, Lisa",Stanford University,669,2,1047,2,1462,2,0
2562,"De Waegenaere, Anja",Tilburg University,669,2,393,5,667,5,0
5368,"deHaan, Ed",Stanford University,669,2,1047,2,1462,2,0
2965,"Dehning, Bruce",Chapman University,669,2,752,3,1070,3,0
3793,"Demerjian, Peter R.",University of Washington,669,2,1047,2,1462,2,0
952,"Deumes, Rogier",Maastricht University,669,2,1047,2,1462,2,0
3428,"Diaz, Michelle Chandler",Texas A&M University,669,2,1047,2,1462,2,0
1009,"Dichev, Ilia D.",Emory University,669,2,547,4,543,6,0
1037,"Dickhaut, John W.",Deceased,669,2,752,3,543,6,0
3775,"Dickinson, Victoria",University of Mississippi,669,2,1047,2,1462,2,0
2213,"Dirsmith, Mark W.",Pennsylvania State University,669,2,393,5,70,17,0
3799,"Donohoe, Michael P.",University of Illinois at Urbana-Champaign,669,2,1047,2,1462,2,0
773,"Doogar, Rajib K.",University of Illinois at Urbana-Champaign,669,2,752,3,833,4,0
5320,"Dou, Yiwei",New York University,669,2,1047,2,1462,2,0
5104,"Du, Hui",University of Houston-Clear Lake,669,2,1047,2,1462,2,0
2969,"Dull, Richard B.",West Virginia University,669,2,1047,2,1070,3,0
575,"Dunn, Kimberly",Florida Atlantic University,669,2,752,3,1070,3,0
113,"Earley, Christine E.",Providence College,669,2,393,5,543,6,0
3342,"Ederhof, Merle",Not Found,669,2,1047,2,1462,2,0
334,"Edwards, John Richard",Cardiff University,669,2,547,4,667,5,0
5132,"Ege, Matthew",University of Florida,669,2,1047,2,1462,2,0
1275,"Eilifsen, Aasmund",Norwegian School of Economics,669,2,752,3,1070,3,0
2778,"Eining, Martha M.",University of Utah,669,2,752,3,372,8,0
3489,"Elbashir, Mohamed Z.",Qatar University,669,2,1047,2,1462,2,0
496,"Elliott, John A.",University of Connecticut,669,2,752,3,372,8,0
4362,"Emett, Scott A.",Cornell University,669,2,1047,2,1462,2,0
4578,"Evans, Mark E.",Wake Forest University,669,2,1047,2,1462,2,0
641,"Fairfield, Patricia M.",Georgetown University,669,2,547,4,372,8,0
958,"Fargher, Neil L.",Australian National University,669,2,752,3,301,9,0
1484,"Fatemi, Darius J.",Northern Kentucky University,669,2,1047,2,1462,2,0
2356,"Favere-Marchesi, Michael",Simon Fraser University,669,2,547,4,833,4,0
1486,"Fee, C. Edward",Michigan State University,669,2,752,3,1070,3,0
3222,"Feldmann , Dorothy A.",Bentley University,669,2,1047,2,1462,2,0
298,"Feltham, Gerald A.",Retired or Emeritus,669,2,159,8,21,23,1
3169,"Ferri, Fabrizio",Columbia University in the City of New York,669,2,1047,2,1462,2,0
3229,"Fleming, Damon M.",San Diego State University,669,2,1047,2,1462,2,0
2975,"Gailly, Frederik",Ghent University,669,2,1047,2,1462,2,0
410,"Ganguly, Ananda R.",Claremont McKenna College,669,2,547,4,667,5,0
3145,"Gao, Feng",University of Illinois at Chicago,669,2,1047,2,1462,2,0
3160,"Garcia Lara, Juan Manuel",Universidad Carlos III de Madrid,669,2,1047,2,1462,2,0
3302,"Gassen, Joachim",Humboldt-Universitat zu Berlin,669,2,1047,2,1462,2,0
653,"Gaver, Jennifer J.",University of Georgia,669,2,547,4,114,14,0
2976,"Geerts, Guido L.",University of Delaware,669,2,547,4,543,6,0
1507,"Gerdin, Jonas",Orebro University,669,2,547,4,833,4,0
2171,"Ghosh, Dipankar",University of Oklahoma,669,2,752,3,230,10,0
2710,"Gibbins, Michael",Retired or Emeritus,669,2,286,6,153,12,0
1038,"Gigler, Frank B.",University of Minnesota,669,2,286,6,114,14,0
3800,"Gill, Steven L.",San Diego State University,669,2,1047,2,1462,2,0
2300,"Gillett, Peter R.","Rutgers, The State University of New Jersey",669,2,752,3,667,5,0
2216,"Givoly, Dan",Pennsylvania State University,669,2,547,4,446,7,0
343,"Glover, Jonathan C.",Carnegie Mellon University,669,2,393,5,133,13,0
1523,"Goex, Robert F.",University of Zurich,669,2,752,3,833,4,0
4055,"Gold, Anna",Vrije (VU) University Amsterdam,669,2,1047,2,1462,2,0
5491,"Goncharov, Igor",WHU - Otto Beisheim School of Management,669,2,1047,2,1462,2,0
3592,"Gong, James Jianxin",California State University Fullerton,669,2,1047,2,1462,2,0
43,"Goodman, Theodore H.",Purdue University,669,2,752,3,1070,3,0
2925,"Graham, Cameron",York University,669,2,547,4,833,4,0
2392,"Gramlich, Jeffrey D.",Washington State University,669,2,752,3,543,6,0
870,"Gramling, Audrey A.",Colorado State University,669,2,752,3,543,6,0
5107,"Green, Peter",University of Queensland,669,2,1047,2,1462,2,0
3796,"Gronewold, Ulfert",University of Potsdam,669,2,1047,2,1462,2,0
344,"Gu, Zhaoyang",Chinese University of Hong Kong,669,2,393,5,543,6,0
5084,"Guenin-Paracini, Henri",Laval University,669,2,1047,2,1462,2,0
3544,"Guiral, Andres",Yonsei University,669,2,1047,2,1462,2,0
155,"Gupta, Sanjay",Michigan State University,669,2,547,4,372,8,0
3279,"Hafzalla, Nader M.",Deceased,669,2,1047,2,1462,2,0
2592,"Hall, Thomas W.",University of Texas at Arlington,669,2,1047,2,667,5,0
4495,"Hampton, Clark",University of Waterloo,669,2,1047,2,1462,2,0
3512,"Han, Jun",University of Hong Kong,669,2,752,3,1070,3,0
3277,"Hansen, Thomas Bowe",Virginia Tech,669,2,1047,2,1462,2,0
1556,"Hartmann, Frank G. H.",Erasmus University Rotterdam,669,2,393,5,446,7,0
2675,"Hayn, Carla K.","University of California, Los Angeles",669,2,547,4,372,8,0
698,"Healy, Paul M.",Harvard University,669,2,547,4,301,9,0
4422,"Heinle, Mirko S.",University of Pennsylvania,669,2,1047,2,1462,2,0
3179,"Hennes, Karen M.",University of Oklahoma,669,2,1047,2,1462,2,0
3680,"Herda, David N",North Dakota State University,669,2,1047,2,1462,2,0
465,"Hesford, James W.",Cornell University,669,2,547,4,833,4,0
5404,"Hess, Traci J.",University of Massachusetts Amherst,669,2,1047,2,1462,2,0
3426,"Hewitt, Max",Indiana University Bloomington,669,2,1047,2,1462,2,0
829,"Hillegeist, Stephen A.",Arizona State University,669,2,393,5,543,6,0
1583,"Hirshleifer, David","University of California, Irvine",669,2,547,4,833,4,0
2887,"Holder-Webb, Lori M.",Western New England University,669,2,752,3,833,4,0
3573,"Hollingsworth, Carl",Clemson University,669,2,1047,2,1462,2,0
2585,"Homburg, Carsten",University of Cologne,669,2,1047,2,1462,2,0
5311,"Hong, Hyun A.","University of California, Riverside",669,2,1047,2,1462,2,0
4473,"Hoopes, Jeffrey L.",The Ohio State University,669,2,1047,2,1462,2,0
2201,"Hopwood, Anthony G.",Deceased,669,2,1047,2,1070,3,0
3466,"Horton, Joanne",University of Exeter,669,2,1047,2,1462,2,0
3437,"Houston, Joel F.",University of Florida,669,2,1047,2,1462,2,0
1601,"Huang, Allen H.",Hong Kong University of Science and Technology,669,2,1047,2,1462,2,0
3807,"Humphreys, Kerry A.",UNSW Sydney,669,2,1047,2,1462,2,0
105,"Hurtt, David N.",Baylor University,669,2,547,4,667,5,0
106,"Hurtt, R. Kathy",Baylor University,669,2,752,3,1070,3,0
262,"Hutton, Amy P.",Boston College,669,2,393,5,153,12,0
1078,"Hwang, Iny",Seoul National University,669,2,752,3,1070,3,0
2348,"Hwang, Lee-Seok",Seoul National University,669,2,547,4,667,5,0
1471,"JÃ¸rgensen, Brian",Not Found,669,2,1047,2,1462,2,0
669,"Jacobs, Fred A.",Retired or Emeritus,669,2,547,4,543,6,0
5413,"Jeanjean, Thomas",ESSEC Business School,669,2,1047,2,1462,2,0
2528,"Jennings, Ross",University of Texas at Austin,669,2,752,3,372,8,0
2172,"Jensen, Kevan L.",University of Oklahoma,669,2,393,5,446,7,0
4351,"Jia, Yonghong",Governors State University,669,2,1047,2,1462,2,0
1625,"Jin, Li",University of Oxford,669,2,1047,2,1462,2,0
3496,"Jin, Qinglu",Shanghai University of Finance and Economics,669,2,1047,2,1462,2,0
317,"Johnson, Nicole Bastian","University of California, Berkeley",669,2,752,3,1070,3,0
1662,"Jollineau, Jane",University of San Diego,669,2,211,7,114,14,0
2908,"Jones, Denise A.",College of William & Mary,669,2,547,4,833,4,0
2591,"Jones, Donald R.",Texas Tech University,669,2,547,4,446,7,0
5179,"Joyce, Yvonne",University of Glasgow,669,2,1047,2,1462,2,0
3802,"Jung, Michael J.",New York University,669,2,1047,2,1462,2,0
982,"Kanagaretnam, Kiridaran",York University,669,2,752,3,1070,3,0
636,"Kang, Sok-Hyon",George Washington University,669,2,752,3,301,9,0
1040,"Kanodia, Chandra",University of Minnesota,669,2,286,6,197,11,0
2441,"Kasznik, Ron",Stanford University,669,2,286,6,85,16,0
3354,"Keune, Timothy M.",University of Dayton,669,2,1047,2,1462,2,0
3208,"Kilfoyle, Eksa",University of Windsor,669,2,1047,2,1462,2,0
2498,"Kinney, Michael R.",Texas A&M University,669,2,547,4,543,6,0
107,"Kobelsky, Kevin W.",University of Michigan-Dearborn,669,2,1047,2,1462,2,0
3001,"Koch, Christopher",Johannes Gutenberg Universitat Mainz,669,2,1047,2,1462,2,0
2618,"Kopp, Lori S.",University of Lethbridge,669,2,547,4,833,4,0
3435,"Kornberger, Martin",Copenhagen Business School,669,2,1047,2,1462,2,0
2098,"Kozloski, Thomas M.",Saint Mary`s University,669,2,1047,2,1462,2,0
3359,"Kuhn Jr., John R.",University of South Florida,669,2,1047,2,1462,2,0
3360,"Kumar, Alok",University of Miami,669,2,1047,2,1462,2,0
3536,"Lambert, Caroline",HEC Montreal,669,2,1047,2,1462,2,0
3805,"Lambert, Tamara A.",Lehigh University,669,2,1047,2,1462,2,0
3361,"Langli, John Christian",BI Norwegian Business School,669,2,1047,2,1462,2,0
5092,"Larocque, Stephannie",University of Notre Dame,669,2,1047,2,1462,2,0
4432,"Larrinaga, Carlos",Universidad de Burgos,669,2,1047,2,1462,2,0
1696,"Larson, Chad R.",University of Houston,669,2,752,3,1070,3,0
3204,"Laux, Christian",Vienna University of Economics and Business,669,2,1047,2,1462,2,0
5101,"Laux, Rick C.",Pennsylvania State University,669,2,1047,2,1462,2,0
3681,"Lavelle, James J",University of Texas at Arlington,669,2,1047,2,1462,2,0
3491,"Lawrence, Alastair","University of California, Berkeley",669,2,1047,2,1462,2,0
1222,"Lee, Chih-Chen",Northern Illinois University,669,2,752,3,1070,3,0
4482,"Lee, Jay Junghun",University of Massachusetts Boston,669,2,1047,2,1462,2,0
4400,"Lee, Lian Fen",Boston College,669,2,1047,2,1462,2,0
2206,"Lee, Picheng",Pace University,669,2,1047,2,1462,2,0
672,"Lee, Yen-Jung",National Taiwan University,669,2,752,3,1070,3,0
5416,"Lee, Yong Gyu",Sungkyunkwan University,669,2,1047,2,1462,2,0
760,"Lehmann, Constance M.",University of Houston-Clear Lake,669,2,547,4,833,4,0
2383,"Leitch, Robert A.",University of South Carolina,669,2,286,6,230,10,0
3468,"Lerman, Alina",Yale University,669,2,1047,2,1462,2,0
4590,"Li, Bing",City University of Hong Kong,669,2,1047,2,1462,2,0
3500,"Li, Dan",Tsinghua University (Beijing),669,2,1047,2,1462,2,0
4569,"Li, Jing",Carnegie Mellon University,669,2,1047,2,1462,2,0
3579,"Li, Kevin Ke",University of Toronto,669,2,1047,2,1462,2,0
3365,"Li, Ningzhong",University of Texas at Dallas,669,2,1047,2,1462,2,0
3552,"Li, Ying",Practice,669,2,1047,2,1462,2,0
1718,"Li, Yue",University of Toronto,669,2,752,3,833,4,0
346,"Liang, Pierre Jinghong",Carnegie Mellon University,669,2,286,6,446,7,0
4444,"Lim, Youngdeok",UNSW Sydney,669,2,1047,2,1462,2,0
3527,"Lin, Hui",DePaul University,669,2,1047,2,1462,2,0
1726,"Lin, Yu-Chen",National Cheng-Kung University (Taiwan),669,2,1047,2,1462,2,0
2175,"Lipe, Marlys Gascho",University of South Carolina,669,2,547,4,372,8,0
5130,"Liu, Yanju",Singapore Management University,669,2,1047,2,1462,2,0
299,"Lo, Kin",University of British Columbia - Vancouver,669,2,393,5,543,6,0
2384,"Lopez, Thomas J.",University of Alabama,669,2,547,4,667,5,0
750,"Lu, Tong",University of Houston,669,2,752,3,1070,3,0
1023,"Luft, Joan L.",Retired or Emeritus,669,2,159,8,85,16,0
1739,"Lui, Gladie",Lingnan University,669,2,752,3,1070,3,0
1740,"Lukka, Kari",Turku School of Economics,669,2,752,3,446,7,0
2814,"Lynch, Luann J. -",,669,2,286,6,543,6,0
4498,"MacGregor, Jason E.",Baylor University,669,2,1047,2,1462,2,0
3129,"MacKenzie, Donald",University of Edinburgh,669,2,1047,2,1462,2,0
3673,"Madsen, Paul E",University of Florida,669,2,1047,2,1462,2,0
447,"Magnan, Michel L.","Concordia University, St. Paul",669,2,547,4,833,4,0
187,"Magro, Anne M.",George Mason University,669,2,393,5,446,7,0
585,"Maiga, Adam S.",Florida International University,669,2,547,4,833,4,0
1754,"Mansi, Sattar A.",Virginia Tech,669,2,547,4,833,4,0
338,"Marginson, David",University of Warwick,669,2,752,3,1070,3,0
502,"Marquardt, Carol A.",Baruch College-The City University of New York,669,2,123,9,230,10,0
2858,"Mashruwala, Raj",University of Calgary,669,2,752,3,1070,3,0
2889,"Matsumura, Ella Mae",University of Wisconsin-Madison,669,2,752,3,446,7,0
2961,"Matuszewski, Linda J.",Northern Illinois University,669,2,1047,2,1462,2,0
1764,"Maxwell, William F.",Southern Methodist University,669,2,752,3,1070,3,0
192,"Mazza, Cheri L.",Sacred Heart University,669,2,752,3,1070,3,0
2500,"McAnally, Mary Lea",Texas A&M University,669,2,211,7,301,9,0
879,"McDaniel, Linda S.",Retired or Emeritus,669,2,393,5,153,12,0
2443,"McNichols, Maureen F.",Stanford University,669,2,123,9,57,18,0
936,"Melendrez, Kevin D.",New Mexico State University,669,2,1047,2,1462,2,0
270,"Menon, Krishnagopal",Boston University,669,2,752,3,543,6,0
56,"Mercer, Molly",DePaul University,669,2,393,5,667,5,0
1795,"Miller, Darius P.",Southern Methodist University,669,2,393,5,667,5,0
3786,"Miller, Fabienne",Worcester Polytechnic Institute,669,2,1047,2,1462,2,0
3518,"Mintchik, Natalia",University of Cincinnati,669,2,1047,2,1462,2,0
913,"Mo, Phyllis Lai Lan",City University of Hong Kong,669,2,286,6,446,7,0
2198,"Moore, Jared A.",Oregon State University,669,2,1047,2,1462,2,0
5189,"Morales, JÃ©rÃ©my",ESCP Europe,669,2,1047,2,1462,2,0
1815,"Moroney, Robyn",Monash University,669,2,752,3,1070,3,0
1820,"Mouritsen, Jan",Copenhagen Business School,669,2,547,4,446,7,0
4511,"Munsif, Vishal",California State University San Bernardino,669,2,1047,2,1462,2,0
102,"Myring, Mark J.",Ball State University,669,2,752,3,1070,3,0
2495,"Neal, Terry L.",University of Tennessee Knoxville,669,2,286,6,446,7,0
3427,"Nekrasov, Alexander","University of California, Irvine",669,2,1047,2,1462,2,0
752,"Newberry, Kaye J.",University of Houston,669,2,393,5,230,10,0
3202,"Nicholls, Alex",University of Oxford,669,2,1047,2,1462,2,0
3034,"Nicolaou, Andreas I.",Bowling Green State University,669,2,752,3,833,4,0
1847,"North, David S.",University of Richmond,669,2,752,3,1070,3,0
631,"Nutter, Sarah E.",George Mason University,669,2,1047,2,833,4,0
3093,"O`Regan, Philip",University of Limerick,669,2,1047,2,1462,2,0
1851,"Ogneva, Maria",University of Southern California,669,2,393,5,667,5,0
59,"Ohlson, James A.",New York University,669,2,393,5,37,20,1
811,"Oler, Derek K.",Texas Tech University,669,2,752,3,1070,3,0
5312,"Pan, Carrie",Santa Clara University,669,2,1047,2,1462,2,0
60,"Pany, Kurt",Arizona State University,669,2,1047,2,543,6,0
797,"Patten, Dennis M.",Illinois State University,669,2,393,5,372,8,0
1050,"Payne, Elizabeth A.",University of Louisville,669,2,1047,2,1462,2,0
880,"Payne, Jeff L.",University of Kentucky,669,2,286,6,301,9,0
2615,"Peasnell, Ken V.",Lancaster University,669,2,393,5,667,5,0
2745,"Penalva, Fernando","IESE Business School, University of Navarra",669,2,752,3,1070,3,0
3044,"Pennington, Robin R.",North Carolina State University,669,2,752,3,1070,3,0
843,"Penno, Mark C.",University of Iowa,669,2,1047,2,230,10,0
3570,"Perols, Johan L.",University of San Diego,669,2,1047,2,1462,2,0
4492,"Petacchi, Reining",Massachusetts Institute of Technology,669,2,1047,2,1462,2,0
326,"Pincus, Morton","University of California, Irvine",669,2,286,6,301,9,0
2637,"Pinnuck, Matt",University of Melbourne,669,2,752,3,1070,3,0
4391,"Pippin, Sonja","University of Nevada, Reno",669,2,1047,2,1462,2,0
2400,"Pizzini, Mina J.",Naval Postgraduate School,669,2,393,5,667,5,0
1570,"Plehn-Dujowich, Jose M.",Temple University,669,2,1047,2,1462,2,0
2774,"Plumlee, Marlene A.",University of Utah,669,2,286,6,543,6,0
3422,"Pomeroy, Bradley",University of Waterloo,669,2,1047,2,1462,2,0
3381,"Pope, Kelly Richmond",DePaul University,669,2,1047,2,1462,2,0
929,"Power, Michael K.",London School of Economics and Political Science,669,2,752,3,230,10,0
567,"Pownall, Grace",Emory University,669,2,547,4,372,8,0
5171,"Prakash, Rachna",University of Mississippi,669,2,1047,2,1462,2,0
3194,"Preda, Alex",King`s College London,669,2,1047,2,1462,2,0
1877,"Pronk, Maarten",Erasmus University Rotterdam,669,2,752,3,1070,3,0
3269,"Puckett, Andy",University of Tennessee Knoxville,669,2,1047,2,1462,2,0
5352,"Qu, Hong",Pennsylvania State University,669,2,1047,2,1462,2,0
930,"Raman, Kartik",Bentley University,669,2,1047,2,1462,2,0
883,"Ramsay, Robert J.",University of Kentucky,669,2,393,5,230,10,0
5086,"Rau, P. Raghavendra",University of Cambridge,669,2,1047,2,1462,2,0
3221,"Read, William",Bentley University,669,2,1047,2,1462,2,0
755,"Rees, Lynn L.",Texas A&M University,669,2,393,5,372,8,0
937,"Reichelt, Kenneth",Louisiana State University,669,2,752,3,1070,3,0
2295,"Reimers, Jane L.",Retired or Emeritus,669,2,1047,2,372,8,0
4548,"Rennekamp, Kristina Marie",Cornell University,669,2,1047,2,1462,2,0
3465,"Reppenhagen, David A.",University of Florida,669,2,1047,2,1462,2,0
3386,"Resutek, Robert J.",University of Georgia,669,2,1047,2,1462,2,0
4560,"Rice, Sarah C.",Texas A&M University,669,2,1047,2,1462,2,0
798,"Rich, Jay S.",Illinois State University,669,2,547,4,667,5,0
2840,"Riley, Richard A.",West Virginia University,669,2,547,4,833,4,0
2260,"Ro, Byung T.",Purdue University,669,2,1047,2,833,4,0
3387,"Robertson, Jesse C.",University of North Texas,669,2,1047,2,1462,2,0
2415,"Robinson, Dahlia",University of South Florida,669,2,752,3,1070,3,0
339,"Robson, Keith",HEC Paris,669,2,393,5,197,11,0
3329,"Roelofsen, Erik",Erasmus University Rotterdam,669,2,1047,2,1462,2,0
3193,"Roman, Francisco J.",George Mason University,669,2,1047,2,1462,2,0
1908,"Roodhooft, Filip",Vlerick Business School,669,2,752,3,833,4,0
379,"Roulstone, Darren T.",The Ohio State University,669,2,286,6,543,6,0
2279,"Rountree, Brian R.",Rice University,669,2,752,3,1070,3,0
3216,"Ruiz-Barbadillo, Emiliano",Universidad de Cadiz,669,2,1047,2,1462,2,0
2713,"Sabac, Florin",University of Alberta,669,2,393,5,667,5,0
3244,"Saffar, Walid",Hong Kong Polytechnic University,669,2,1047,2,1462,2,0
3480,"Sanchez, Jose M.",Retired or Emeritus,669,2,1047,2,1462,2,0
1923,"Sawers, Kimberly M.",Seattle Pacific University,669,2,752,3,1070,3,0
588,"Sbaraglia, Andrew M.",Florida International University,669,2,1047,2,1462,2,0
2412,"Schafer, Jennifer Kahle",Kennesaw State University,669,2,752,3,1070,3,0
3658,"Schaupp, Ludwig Christian",West Virginia University,669,2,1047,2,1462,2,0
3390,"Schloetzer, Jason D.",Georgetown University,669,2,1047,2,1462,2,0
3517,"Schmidt, Regan N.",University of Saskatchewan,669,2,1047,2,1462,2,0
4392,"Schoute, Martijn",Vrije (VU) University Amsterdam,669,2,1047,2,1462,2,0
2237,"Schrand, Catherine M.",University of Pennsylvania,669,2,547,4,446,7,0
46,"Schwartz, William C.",Oklahoma State University,669,2,752,3,1070,3,0
3431,"Seifert, Deborah",Illinois State University,669,2,1047,2,1462,2,0
3166,"Shalev, Ron",New York University,669,2,1047,2,1462,2,0
427,"Shane, Philip B.",College of William & Mary,669,2,547,4,446,7,0
1122,"Shankar, Premila Gowri",Nanyang Technological University,669,2,752,3,1070,3,0
1061,"Shaw, Kenneth W.",University of Missouri,669,2,547,4,667,5,0
2507,"Shelley, Marjorie K.",University of Nebraska-Lincoln,669,2,752,3,543,6,0
3495,"Shengquan, Hao",Shanghai Jiao Tong University (China),669,2,1047,2,1462,2,0
327,"Shi, Charles",National University of Singapore,669,2,547,4,833,4,0
1029,"Shields, Michael D.",Michigan State University,669,2,159,8,28,21,1
1138,"Shih, Michael S. H.",University of Windsor,669,2,1047,2,667,5,0
3394,"Sisneros, Craig A.",University of Colorado Denver,669,2,1047,2,1462,2,0
590,"Skantz, Terrance R.",University of Texas at Arlington,669,2,547,4,667,5,0
1960,"Smart, Scott B.",Indiana University Bloomington,669,2,1047,2,1462,2,0
3547,"Soltes, Eugene F.",Harvard University,669,2,1047,2,1462,2,0
3580,"Song, Byron",Hong Kong Baptist University,669,2,1047,2,1462,2,0
3076,"Spira, Laura F.",Retired or Emeritus,669,2,1047,2,1462,2,0
2157,"Spires, Eric E.",The Ohio State University,669,2,1047,2,833,4,0
3588,"Stanley, Jonathan D.",Auburn University,669,2,1047,2,1462,2,0
3472,"Stolowy, Herve",HEC Paris,669,2,1047,2,1462,2,0
3694,"Stratopoulos, Theophanis C.",University of Waterloo,669,2,1047,2,1462,2,0
2628,"Strong, Norman",University of Manchester,669,2,1047,2,1070,3,0
3323,"Stuart, Iris C.",Norwegian School of Economics,669,2,1047,2,1462,2,0
827,"Su, Wei",Practice,669,2,1047,2,1462,2,0
407,"Su, Xijia",China Europe International Business school,669,2,1047,2,833,4,0
5564,"Subasi, Musa",University of Missouri,669,2,1047,2,1462,2,0
2360,"Subramanyam, K. R.",University of Southern California,669,2,91,10,70,17,0
3400,"Sun, Yan",Saint Louis University,669,2,1047,2,1462,2,0
2917,"Sunder, Shyam",Yale University,669,2,393,5,301,9,0
4572,"Sunny Yang, Yanhua",University of Connecticut,669,2,1047,2,1462,2,0
4275,"Tam, Kinsun",University at Albany – State University of New York,669,2,1047,2,1462,2,0
921,"Tamayo, Ane",London School of Economics and Political Science,669,2,547,4,833,4,0
2000,"Tan, Hongping",York University,669,2,1047,2,1462,2,0
4571,"Thevenot, Maya",Florida Atlantic University,669,2,1047,2,1462,2,0
116,"Thibodeau, Jay C.",Bentley University,669,2,547,4,833,4,0
2008,"Thomas, Shawn E.",University of Pittsburgh,669,2,1047,2,1070,3,0
4512,"Thompson, Anne M.",University of Illinois at Urbana-Champaign,669,2,1047,2,1462,2,0
2850,"Thornburg, Steven W.",University of Wisconsin-La Crosse,669,2,1047,2,1462,2,0
3403,"Tian, Jie",University of Alberta,669,2,1047,2,1462,2,0
5433,"Tian, Xiaoli (Shaolee)",The Ohio State University,669,2,1047,2,1462,2,0
4449,"Tompkins, James G.",Kennesaw State University,669,2,1047,2,1462,2,0
5628,"Trinkle, Brad S.",Mississippi State University,669,2,1047,2,1462,2,0
3543,"Tripathy, Arindam",University of Washington-Tacoma,669,2,1047,2,1462,2,0
3227,"Tsakumis, George T.",University of Delaware,669,2,1047,2,1462,2,0
3487,"Tsang, Albert",Chinese University of Hong Kong,669,2,1047,2,1462,2,0
2510,"Tse, Senyo Y.",Texas A&M University,669,2,393,5,230,10,0
741,"Tsui, Judy S. L.",Practice,669,2,752,3,446,7,0
2030,"Unerman, Jeffrey","Royal Holloway, University of London",669,2,752,3,1070,3,0
1103,"Upton, David R.",University of North Carolina at Greensboro,669,2,1047,2,1462,2,0
3575,"Urcan, Oktay",University of Illinois at Urbana-Champaign,669,2,1047,2,1462,2,0
3404,"Usrey, Spencer",Mississippi State University,669,2,1047,2,1462,2,0
3124,"Van den Abbeele, Alexandra",Catholic (Katholieke) University of Leuven,669,2,1047,2,1462,2,0
5109,"van der Heijden, Hans","Royal Holloway, University of London",669,2,1047,2,1462,2,0
5119,"Van Grembergen, Wim",University of Antwerp,669,2,1047,2,1462,2,0
2564,"van Lent, Laurence",Tilburg University,669,2,393,5,667,5,0
4404,"van Rinsum, Marcel",Erasmus University Rotterdam,669,2,1047,2,1462,2,0
2556,"Vargus, Mark E.",Drexel University,669,2,547,4,833,4,0
3405,"Veliotis, Stanley",Fordham University,669,2,1047,2,1462,2,0
3214,"Velury, Uma K.",University of Delaware,669,2,1047,2,1462,2,0
2043,"Venugopalan, Raghu",University of Texas at Arlington,669,2,547,4,667,5,0
2148,"Vera-Munoz, Sandra C.",University of Notre Dame,669,2,752,3,667,5,0
2239,"Verrecchia, Robert E.",University of Pennsylvania,669,2,159,8,16,26,1
3406,"Victoravich, Lisa Marie",University of Denver,669,2,1047,2,1462,2,0
2048,"Vollmer, Hendrik",Bielefeld University,669,2,752,3,1070,3,0
4554,"Vrettos, Dimitris",Southern Methodist University,669,2,1047,2,1462,2,0
815,"Wahlen, James M.",Indiana University Bloomington,669,2,393,5,230,10,0
1272,"Walther, Beverly R.",Northwestern University,669,2,211,7,153,12,0
5463,"Wang, Clare",Northwestern University,669,2,1047,2,1462,2,0
3125,"Wang, Karl",University of Mississippi,669,2,1047,2,1462,2,0
3556,"Wang, Shiheng",Hong Kong University of Science and Technology,669,2,1047,2,1462,2,0
390,"Wang, Xin",University of Hong Kong,669,2,752,3,1070,3,0
3689,"Wang, Yanyan",Xiamen University,669,2,1047,2,1462,2,0
5161,"Wangerin, Daniel",Michigan State University,669,2,1047,2,1462,2,0
2894,"Warfield, Terry D.",University of Wisconsin-Madison,669,2,547,4,372,8,0
2059,"Warlop, Luk",Catholic (Katholieke) University of Leuven,669,2,752,3,833,4,0
3301,"Warne, Rick C.",University of Cincinnati,669,2,1047,2,1462,2,0
3151,"Warnock, Francis E. -",,669,2,1047,2,1462,2,0
2261,"Watts, Susan G.",Purdue University,669,2,547,4,372,8,0
3560,"Wei, Kelsey D.",University of Texas at Dallas,669,2,1047,2,1462,2,0
5506,"White, Brian J.",University of Texas at Austin,669,2,1047,2,1462,2,0
2702,"Wiedman, Christine I.",University of Waterloo,669,2,393,5,372,8,0
3158,"Wieland, Matthew M",Indiana University Bloomington,669,2,1047,2,1462,2,0
2108,"Wilkin, Carla L.",Monash University,669,2,1047,2,1462,2,0
291,"Wilks, T. Jeffrey",Brigham Young University,669,2,393,5,543,6,0
4591,"Williams, Christopher D.",University of Michigan,669,2,1047,2,1462,2,0
2936,"Williams, Michael G.",Practice,669,2,752,3,667,5,0
1116,"Williams, Paul F.",North Carolina State University,669,2,547,4,833,4,0
2851,"Wong-on-Wing, Bernard",Washington State University,669,2,547,4,372,8,0
3409,"Wong, Raymond M. K.",City University of Hong Kong,669,2,1047,2,1462,2,0
2829,"Woodliff, David R.",University of Western Australia,669,2,752,3,1070,3,0
2097,"Wouters, Marc",Karlsruhe Institute of Technology,669,2,547,4,833,4,0
5326,"Wu, Qiang",Rensselaer Polytechnic Institute,669,2,1047,2,1462,2,0
5415,"Wu, Yi-Jing",Case Western Reserve University,669,2,1047,2,1462,2,0
2103,"Wynn, Jinyoung P.",Louisiana Tech University,669,2,1047,2,1462,2,0
1076,"Wysocki, Peter D.",University of Miami,669,2,393,5,667,5,0
3425,"Xin, Baohua",University of Toronto,669,2,1047,2,1462,2,0
5238,"Xu, Jin",Purdue University,669,2,1047,2,1462,2,0
2544,"Xue, Yanfeng",George Washington University,669,2,752,3,1070,3,0
5372,"Ye, Minlei",University of Toronto,669,2,1047,2,1462,2,0
3278,"Yehuda, Nir",University of Texas at Dallas,669,2,1047,2,1462,2,0
4399,"Yen, Alex C.",College of the Holy Cross,669,2,1047,2,1462,2,0
4448,"Yezegel, Ari",Bentley University,669,2,1047,2,1462,2,0
743,"Yi, Cheong H.",City University of Hong Kong,669,2,752,3,1070,3,0
3507,"Yoder, Timothy R.",University of Nebraska-Omaha,669,2,1047,2,1462,2,0
1077,"Yu, Jeff Jiewei",Southern Methodist University,669,2,1047,2,1462,2,0
3182,"Yu, Michael D.",University of West Georgia,669,2,1047,2,1462,2,0
5355,"Yu, Wei (Vicky)",University of Tennessee Knoxville,669,2,1047,2,1462,2,0
3263,"Zamora, Valentina L.",Seattle University,669,2,1047,2,1462,2,0
5318,"Zhang, Harold H.",University of Texas at Dallas,669,2,1047,2,1462,2,0
3789,"Zhang, Jenny Li",University of British Columbia - Vancouver,669,2,1047,2,1462,2,0
3291,"Zhang, Jian",San Jose State University,669,2,1047,2,1462,2,0
2795,"Zhang, Li","Rutgers, The State University of New Jersey",669,2,1047,2,1462,2,0
4464,"Zhang, Ting",University of Dayton,669,2,1047,2,1462,2,0
2457,"Zhang, Wei",University at Albany – State University of New York,669,2,752,3,1070,3,0
3449,"Zhang, Yan",Binghamton University,669,2,1047,2,1462,2,0
5314,"Zhao, Yuping",University of Houston,669,2,1047,2,1462,2,0
2686,"Zheng, Liu",City University of Hong Kong,669,2,752,3,1070,3,0
3224,"Zhou, Haiyan",University of Texas-Pan American,669,2,1047,2,1462,2,0
3453,"Zhu, Xindong (Kevin)",City University of Hong Kong,669,2,1047,2,1462,2,0
2292,"Zimmerman, Jerold L.",University of Rochester,669,2,752,3,372,8,0
254,"Ziv, Amir",Columbia University in the City of New York,669,2,393,5,197,11,0
1658,"Bennett, G. Bradley",University of Massachusetts Amherst,1159,1,1611,1,2171,1,0
5684,"Dworkis, Kelsey Kay",University of Melbourne,1159,1,1611,1,2171,1,0
5111,"Kwon, Juhee",Dartmouth College,1159,1,1611,1,2171,1,0
5290,"Ã–hman, Peter",Mid Sweden University,1159,1,1611,1,2171,1,0
5356,"Abernathy, John L.",Kennesaw State University,1159,1,1611,1,2171,1,0
3306,"Acito, Andrew A.",Michigan State University,1159,1,1611,1,2171,1,0
1283,"Adams, Renee B.",University of Queensland,1159,1,1047,2,1462,2,0
1045,"Addy, Noel D.",Mississippi State University,1159,1,1611,1,1070,3,0
3538,"Adler, Paul S.",University of Southern California,1159,1,1611,1,2171,1,0
1285,"Aerts, Walter",University of Antwerp,1159,1,1047,2,1070,3,0
3478,"Afonso, Paulo Sergio",Not Found,1159,1,1611,1,2171,1,0
4440,"Aggarwal, Raj",Monterey Institute of International Studies,1159,1,1611,1,2171,1,0
4577,"Aggarwal, Rajesh K.",Northeastern University,1159,1,1611,1,2171,1,0
3330,"Ahn, Tae Sik",Seoul National University,1159,1,1611,1,2171,1,0
1287,"Ahrens, Thomas",United Arab Emirates University,1159,1,393,5,372,8,0
2999,"Akins, Brian K",Rice University,1159,1,1611,1,2171,1,0
5124,"Akresh, Abraham D.",Not Found,1159,1,1611,1,2171,1,0
4513,"Alali, Fatima A.",California State University Fullerton,1159,1,1611,1,2171,1,0
873,"Alam, Pervaiz",Kent State University,1159,1,752,3,1070,3,0
5626,"Alencar, Paulo S.",University of Waterloo,1159,1,1611,1,2171,1,0
5343,"Alexander, Cindy R.",Practice,1159,1,1611,1,2171,1,0
5106,"Ali, Syaiful",Gadjah Mada University,1159,1,1611,1,2171,1,0
1291,"Allee, Kristian D.",University of Wisconsin-Madison,1159,1,1047,2,1462,2,0
5160,"Allen, Abigail",Harvard University,1159,1,1611,1,2171,1,0
1150,"Allen, Arthur C.",University of Nebraska-Lincoln,1159,1,1611,1,1070,3,0
5239,"Allen, Eric J.",University of Southern California,1159,1,1611,1,2171,1,0
1292,"Allen, Franklin",University of Pennsylvania,1159,1,1611,1,2171,1,0
4377,"Alon, Anna",Rollins College,1159,1,1611,1,2171,1,0
3235,"Altinkilic, Oya",George Washington University,1159,1,1611,1,2171,1,0
3481,"Alvarez-Dardet, Concha",Not Found,1159,1,1611,1,2171,1,0
1207,"Amer, Tarek",Northern Arizona University,1159,1,752,3,446,7,0
5641,"Amin, Keval",State University of New York at Stony Brook,1159,1,1611,1,2171,1,0
4566,"Ammer, John",Practice,1159,1,1611,1,2171,1,0
5577,"An, Heng",University of North Carolina at Greensboro,1159,1,1611,1,2171,1,0
3660,"Ananthanarayanan, Umapathy",New York Institute of Technology,1159,1,1611,1,2171,1,0
2923,"Annisette, Marcia",York University,1159,1,1047,2,1070,3,0
5583,"Aobdia, Daniel",Northwestern University,1159,1,1611,1,2171,1,0
932,"Apostolou, Barbara A.",West Virginia University,1159,1,1611,1,1462,2,0
5476,"Arbore, Alessandro",Esade Ramon Llull University,1159,1,1611,1,2171,1,0
3100,"Archambeault, Deborah S.",University of Dayton,1159,1,1611,1,2171,1,0
3762,"Archel, Pablo",Universidad PÃƒÂºblica de Navarra,1159,1,1611,1,2171,1,0
2791,"Arel, Barbara M.",University of Vermont,1159,1,1611,1,2171,1,0
3255,"Arena, Marika",Politecnico Di Milano,1159,1,1611,1,2171,1,0
3228,"Ariail, Donald L.",Southern Polytechnic State University,1159,1,1611,1,2171,1,0
3303,"Arnaboldi, Michela",Politecnico Di Milano,1159,1,1611,1,2171,1,0
1304,"Arnaiz, Oscar Gutierrez",Not Found,1159,1,1611,1,2171,1,0
5370,"Arping, Stefan",University of Amsterdam,1159,1,1611,1,2171,1,0
4383,"Artz, Martin",Frankfurt School of Finance and Management,1159,1,1611,1,2171,1,0
3794,"Asare, Kwadwo N.",Bryant University,1159,1,1611,1,2171,1,0
3535,"Asdal, Kristin",University of Oslo,1159,1,1611,1,2171,1,0
5158,"Ashton, David",University of Bristol,1159,1,1611,1,2171,1,0
536,"Ashton, Robert H.",Duke University,1159,1,1047,2,1070,3,0
5146,"Azizkhani, Masoud",Australian National University,1159,1,1611,1,2171,1,0
3388,"Azzone, Giovanni",Politecnico Di Milano,1159,1,1611,1,2171,1,0
5677,"Badolato, Patrick G.",University of Texas at Austin,1159,1,1611,1,2171,1,0
1309,"Bae, Kee-Hong",York University,1159,1,1611,1,2171,1,0
2866,"Bai, Ge",Washington and Lee University,1159,1,1611,1,2171,1,0
2940,"Bajaj, Akhilesh",University of Tulsa,1159,1,1611,1,2171,1,0
2841,"Baker, Terry",Wake Forest University,1159,1,1047,2,1462,2,0
994,"Ballou, Brian",Miami University,1159,1,1047,2,833,4,0
1253,"Bame-Aldred, Charles W.",Northeastern University,1159,1,1047,2,1462,2,0
2694,"Bandyopadhyay, Sati P.",University of Waterloo,1159,1,1047,2,667,5,0
3415,"Bargeron, Leonce L.",University of Kentucky,1159,1,1611,1,2171,1,0
1316,"Barker, Richard",University of Oxford,1159,1,1047,2,1462,2,0
5647,"Barnes, Beau Grant",Washington State University,1159,1,1611,1,2171,1,0
3331,"Barra, Roberta Ann",University of Hawaii - Hilo,1159,1,1611,1,2171,1,0
2118,"Bart, Christopher K.",Practice,1159,1,1611,1,2171,1,0
5489,"Bartlett, Geoffrey D.",Drake University,1159,1,1611,1,2171,1,0
5620,"Basoglu, Kamile Asli",University of Delaware,1159,1,1611,1,2171,1,0
4575,"Battalio, Robert H.",University of Notre Dame,1159,1,1611,1,2171,1,0
4523,"Bauer, Tim D.",University of Illinois at Urbana-Champaign,1159,1,1611,1,2171,1,0
5344,"Bauguess, Scott W.",Practice,1159,1,1611,1,2171,1,0
1227,"Bauman, Mark P.",University of Northern Iowa,1159,1,1047,2,1070,3,0
2075,"Baumgarten, Daniel",Practice,1159,1,1611,1,2171,1,0
4526,"Bauwhede, Heidi Vander",Ghent University,1159,1,1611,1,2171,1,0
3541,"Bayou, Mohamed E.",University of Michigan-Dearborn,1159,1,1611,1,2171,1,0
1108,"Beasley, Mark S.",North Carolina State University,1159,1,1611,1,446,7,0
3226,"Beaudoin, Cathy",University of Vermont,1159,1,1611,1,2171,1,0
2719,"Beaulieu, Philip R.",University of Calgary,1159,1,1611,1,543,6,0
5291,"Beck, Allison K.",Florida State University,1159,1,1611,1,2171,1,0
1159,"Beck, Grant",Avila University,1159,1,1047,2,1462,2,0
770,"Beck, Paul J.",University of Illinois at Urbana-Champaign,1159,1,1047,2,667,5,0
2738,"Bedard, Jean",Laval University,1159,1,393,5,301,9,0
2491,"Behn, Bruce K.",University of Tennessee Knoxville,1159,1,1047,2,543,6,0
3611,"Belanger, France",Virginia Tech,1159,1,1611,1,2171,1,0
894,"Bell, Timothy B.",University of North Florida,1159,1,752,3,372,8,0
2262,"Belzile, Rejean",University of Quebec at Montreal,1159,1,1611,1,2171,1,0
4555,"Ben-Nasr, Hamdi",King Saud University,1159,1,1611,1,2171,1,0
4950,"Bentley, Kathleen A.",UNSW Sydney,1159,1,1611,1,2171,1,0
369,"Berger, Philip G.",University of Chicago,1159,1,752,3,667,5,0
3099,"Bergman, Nittai K.",Massachusetts Institute of Technology,1159,1,1611,1,2171,1,0
3141,"Berkman, Henk",University of Auckland,1159,1,1611,1,2171,1,0
3112,"Berland, Nicolas",Dauphine Universite Paris,1159,1,1611,1,2171,1,0
5460,"Berns, Gregory S.",Emory University,1159,1,1611,1,2171,1,0
5142,"Bertrand, Robert M. M.",Not Found,1159,1,1611,1,2171,1,0
3429,"Bezemer, Dirk J.",University of Groningen,1159,1,1611,1,2171,1,0
1329,"Bharath, Sreedhar",Arizona State University,1159,1,1611,1,2171,1,0
3791,"Bhat, Gauri",Southern Methodist University,1159,1,1611,1,2171,1,0
4369,"Bhatia, Sudeep",University of Pennsylvania,1159,1,1611,1,2171,1,0
2802,"Bhattacharjee, Sudip",Virginia Tech,1159,1,547,4,667,5,0
3620,"Bhattacharya, Somnath",University of St. Thomas,1159,1,1611,1,2171,1,0
722,"Biddle, Gary C.",University of Hong Kong,1159,1,1047,2,543,6,0
4504,"Bigus, Jochen",Free University of Berlin,1159,1,1611,1,2171,1,0
5090,"Bilinski, Pawel",University of Manchester,1159,1,1611,1,2171,1,0
5393,"Billings, B. Anthony",Wayne State University,1159,1,1611,1,2171,1,0
5350,"Bischof, Jannis",University of Chicago,1159,1,1611,1,2171,1,0
5410,"Black, Dirk E.",Dartmouth College,1159,1,1611,1,2171,1,0
1980,"Blanthorne, Cindy",University of Rhode Island,1159,1,1611,1,2171,1,0
4367,"Blaylock, Bradley",Oklahoma State University,1159,1,1611,1,2171,1,0
5262,"Boedker, Christina",UNSW Sydney,1159,1,1611,1,2171,1,0
348,"Boland, Richard J.",Case Western Reserve University,1159,1,1611,1,1462,2,0
2944,"Bollen, Laury H.",Maastricht University,1159,1,1611,1,2171,1,0
2439,"Bonenkamp, Ute",Not Found,1159,1,1611,1,2171,1,0
4519,"Boss, Scott R.",Bentley University,1159,1,1611,1,2171,1,0
2771,"Botosan, Christine A.",University of Utah,1159,1,393,5,446,7,0
4556,"Boubakri, Narjess",American University of Sharjah,1159,1,1611,1,2171,1,0
3494,"Boulton, Thomas J",Miami University,1159,1,1611,1,2171,1,0
5269,"Braithwaite, John",Australian National University,1159,1,1611,1,2171,1,0
3132,"Braun, Marcel",Practice,1159,1,1611,1,2171,1,0
3268,"Brierley, John A.",University of Sheffield,1159,1,1611,1,2171,1,0
3679,"Brivot, Marion",Laval University,1159,1,1611,1,2171,1,0
1017,"Bronson, Scott",University of Kansas,1159,1,1047,2,1462,2,0
5517,"Brooks, Andrew M.",Emory University,1159,1,1611,1,2171,1,0
5280,"Brown, Darryl L.",Illinois Wesleyan University,1159,1,1611,1,2171,1,0
562,"Brown, Stephen",University of Maryland,1159,1,752,3,833,4,0
3574,"Brown, Stephen V.",Arizona State University,1159,1,1611,1,2171,1,0
2671,"Bryan, Daniel M.",University of Washington-Tacoma,1159,1,1047,2,1462,2,0
2515,"Buchheit, Steve",Texas Tech University,1159,1,286,6,543,6,0
4501,"Budescu, David V.",Fordham University,1159,1,1611,1,2171,1,0
3225,"Bui, Binh",Victoria University of Wellington,1159,1,1611,1,2171,1,0
2561,"Buijink, Willem F. J.",Tilburg University,1159,1,1611,1,1462,2,0
2950,"Buijl, Saskia D.",Retired or Emeritus,1159,1,1611,1,2171,1,0
3308,"Burkhardt, Katrin",Not Found,1159,1,1611,1,2171,1,0
4359,"Burnett, Brian M.","California State Polytechnic University, San Luis Obis",1159,1,1611,1,2171,1,0
2641,"Burnett, Royce D.",Southern Illinois University,1159,1,1611,1,2171,1,0
3770,"Burns, John",University of Exeter,1159,1,1611,1,2171,1,0
5305,"Burns, Mary B.",Montana State University,1159,1,1611,1,2171,1,0
5512,"Buslepp, William L.",Texas Tech University,1159,1,1611,1,2171,1,0
3475,"Cadez, Simon",University of Ljubljana,1159,1,1611,1,2171,1,0
3476,"Caglio, Ariela",Bocconi University,1159,1,1611,1,2171,1,0
5342,"Cai, Charlie X.",University of Bradford,1159,1,1611,1,2171,1,0
5582,"Cai, Ye",Santa Clara University,1159,1,1611,1,2171,1,0
3568,"Cain, Matthew",Practice,1159,1,1611,1,2171,1,0
3219,"Callaghan, Joseph",Oakland University,1159,1,1611,1,2171,1,0
1814,"Callen, Mindy",University of Toronto,1159,1,1047,2,1462,2,0
3127,"Callon, Michel",Ecole des mines des Paris,1159,1,1611,1,2171,1,0
5118,"Campbell, John",University of Canberra,1159,1,1611,1,2171,1,0
5183,"Canning, Mary",Golden Gate University,1159,1,1611,1,2171,1,0
5604,"Cannon, James N.",Iowa State University,1159,1,1611,1,2171,1,0
5503,"Cantrell, Brett W.",University of Mississippi,1159,1,1611,1,2171,1,0
4542,"Cao, Sean Shun",Georgia State University,1159,1,1611,1,2171,1,0
5634,"Capkun, Vedran",HEC Paris,1159,1,1611,1,2171,1,0
1373,"Caramanis, Constantinos V",Athens University of Economics and Business,1159,1,752,3,1070,3,0
1080,"Carey, Peter",Deakin University,1159,1,1047,2,1070,3,0
1376,"Carletti, Elena",Bocconi University,1159,1,1611,1,2171,1,0
1378,"Carmona, Salvador",IE University,1159,1,1047,2,1070,3,0
519,"Carnegie, Garry D.",RMIT University-Royal Melbourne Institute of Technology,1159,1,1611,1,1462,2,0
5138,"Carreira, Pedro M. R.",Polytechnic Institute of Leiria,1159,1,1611,1,2171,1,0
3218,"Carrera, Nieves",IE University,1159,1,1611,1,2171,1,0
5287,"Carrington, Thomas",Uppsala University,1159,1,1611,1,2171,1,0
5454,"CARRIZOSA, RICHARD",University of Utah,1159,1,1611,1,2171,1,0
3585,"Carver, Brian",Mississippi State University,1159,1,1611,1,2171,1,0
571,"Caster, Paul",Fairfield University,1159,1,1611,1,667,5,0
5549,"Causholli, Monika",University of Kentucky,1159,1,1611,1,2171,1,0
3528,"Cefaratti, Meghann Abell",Northern Illinois University,1159,1,1611,1,2171,1,0
5367,"Chae, Joon",Seoul National University,1159,1,1611,1,2171,1,0
4585,"Chakrabarty, Bidisha",Saint Louis University,1159,1,1611,1,2171,1,0
5518,"Chakravarthy, Jivas",Chapman University,1159,1,1611,1,2171,1,0
875,"Chambers, Dennis",Kennesaw State University,1159,1,752,3,833,4,0
4506,"Chan, David Y.",St. John`s University,1159,1,1611,1,2171,1,0
3759,"Chan, Francis",Not Found,1159,1,1611,1,2171,1,0
3806,"Chan, Hung C. (Leon)",San Diego State University,1159,1,1611,1,2171,1,0
4595,"Chan, Lillian H.",University of Hong Kong,1159,1,1611,1,2171,1,0
3314,"Chang, Xin",Nanyang Technological University,1159,1,1611,1,2171,1,0
2199,"Chapman, Christopher S.",Imperial College London,1159,1,393,5,446,7,0
3417,"Charles, Shannon L.",University of Utah,1159,1,1611,1,2171,1,0
5319,"Chen, Chongyang",Not Found,1159,1,1611,1,2171,1,0
5482,"Chen, Hsin-Chi",I-Shou University,1159,1,1611,1,2171,1,0
5497,"Chen, Hsinchun",University of Arizona,1159,1,1611,1,2171,1,0
2787,"Chen, Hui",University of Zurich,1159,1,1047,2,1462,2,0
724,"Chen, Kevin C. W.",Hong Kong University of Science and Technology,1159,1,1047,2,372,8,0
3178,"Chen, Kung H.",Retired or Emeritus,1159,1,1611,1,2171,1,0
663,"Chen, Lei (Tony)",Peking University,1159,1,1047,2,1462,2,0
4364,"Chen, Linda H.",Washington State University,1159,1,1611,1,2171,1,0
725,"Chen, Peter F.",Hong Kong University of Science and Technology,1159,1,547,4,543,6,0
4433,"Chen, Qiu",Carleton University,1159,1,1611,1,2171,1,0
1389,"Chen, Ting",Baruch College-The City University of New York,1159,1,1047,2,1462,2,0
3174,"Chen, Weitzu",National Taipei University,1159,1,1611,1,2171,1,0
1390,"Chen, Xuanjuan",Shanghai University of Finance and Economics,1159,1,1611,1,2171,1,0
3810,"Chen, Ying-Ju","University of California, Berkeley",1159,1,1611,1,2171,1,0
2835,"Chen, Yining",Western Kentucky University,1159,1,1047,2,833,4,0
5309,"Cheng, Lin",University of Arizona,1159,1,1611,1,2171,1,0
1008,"Cheng, Shijun",University of Maryland,1159,1,1047,2,1462,2,0
5178,"Cheng, Xiaoyan",University of Nebraska-Omaha,1159,1,1611,1,2171,1,0
3557,"Cheong, Foong Soon","Rutgers, The State University of New Jersey",1159,1,1611,1,2171,1,0
4593,"Chhaochharia, Vidhi",University of Miami,1159,1,1611,1,2171,1,0
5509,"Chi, Sabrina S.",University of Arkansas,1159,1,1611,1,2171,1,0
3113,"Chiapello, Eve",School for Advanced Studies in the Social Sciences,1159,1,1611,1,2171,1,0
5487,"Chien, Chin-Chen",National Cheng-Kung University (Taiwan),1159,1,1611,1,2171,1,0
5093,"Chiu, Peng-Chia",Chinese University of Hong Kong,1159,1,1611,1,2171,1,0
4558,"Cho, Young Jun",Singapore Management University,1159,1,1611,1,2171,1,0
1397,"Chordia, Tarun",Emory University,1159,1,1047,2,1462,2,0
5642,"Chou, Yan-Yu",Not Found,1159,1,1611,1,2171,1,0
2324,"Chow, Chee W.",Retired or Emeritus,1159,1,547,4,70,17,0
5428,"Choy, Helen",Drexel University,1159,1,1611,1,2171,1,0
3101,"Christensen, Mark",Southern Cross University,1159,1,1611,1,2171,1,0
5419,"Christodoulou, Demetris",University of Massachusetts Lowell,1159,1,1611,1,2171,1,0
5245,"Chui, Lawrence",University of St. Thomas,1159,1,1611,1,2171,1,0
3690,"Chung, Dennis Y",Simon Fraser University,1159,1,1611,1,2171,1,0
31,"Chung, Hyeesoo H.",California State University Long Beach,1159,1,1047,2,1462,2,0
675,"Chung, Tze Ki Jennie",Not Found,1159,1,1611,1,2171,1,0
2955,"Church, Kim S.",University of Missouri Kansas City,1159,1,1047,2,1462,2,0
3316,"Cichello, Michael S.",Georgetown University,1159,1,1611,1,2171,1,0
5502,"Ciconte, William",University of Florida,1159,1,1611,1,2171,1,0
3192,"Clarke, Frank",Retired or Emeritus,1159,1,1611,1,2171,1,0
2647,"Clarkson, Peter M.",University of Queensland,1159,1,752,3,301,9,0
3198,"Clayton, Bruce M.",Deakin University,1159,1,1611,1,2171,1,0
2524,"Clement, Michael B.",University of Texas at Austin,1159,1,547,4,543,6,0
5595,"Clemons, Roy",Florida Atlantic University,1159,1,1611,1,2171,1,0
1405,"Clubb, Colin D. B.",King`s College London,1159,1,1611,1,1462,2,0
5550,"Clune, Richard",Kennesaw State University,1159,1,1611,1,2171,1,0
3785,"Cobb, Andrew T.",Not Found,1159,1,1611,1,2171,1,0
1395,"Cobb, Barry R.",Virginia Military Institute,1159,1,1611,1,2171,1,0
3243,"Constable, Philip",University of Central Lancashire,1159,1,1611,1,2171,1,0
5531,"Contrafatto, Massimo",University of Bergamo,1159,1,1611,1,2171,1,0
3128,"Cook, Allan",Practice,1159,1,1611,1,2171,1,0
3522,"Cook, Jack S.",Not Found,1159,1,1611,1,2171,1,0
1413,"Cook, Kirsten A.",Texas Tech University,1159,1,1611,1,2171,1,0
2448,"Cooper, Christine",University of Strathclyde in Glasgow,1159,1,1611,1,1462,2,0
852,"Copley, Paul A.",James Madison University,1159,1,1047,2,667,5,0
2886,"Coronado, Freddy",University of Chile,1159,1,1611,1,2171,1,0
5490,"Corrado, Charles",Practice,1159,1,1611,1,2171,1,0
4557,"Cosset, Jean-Claude",HEC Montreal,1159,1,1611,1,2171,1,0
2884,"Covaleski, Mark A.",University of Wisconsin-Madison,1159,1,547,4,153,12,0
3418,"Coyne, Michael P.",Fairfield University,1159,1,1611,1,2171,1,0
1151,"Crabtree, Aaron D.",University of Nebraska-Lincoln,1159,1,1047,2,1462,2,0
3859,"Craig, Russell",Victoria University,1159,1,1611,1,2171,1,0
139,"Cram, Donald P.",Practice,1159,1,1047,2,1070,3,0
2960,"Cravens, Karen S.",University of Tulsa,1159,1,1611,1,2171,1,0
4457,"Crawford, Steven S",University of Houston,1159,1,1611,1,2171,1,0
4478,"Cripe, Bradrick M.",Northern Illinois University,1159,1,1611,1,2171,1,0
3764,"Cruz, Ines",Universidade Nova de Lisboa,1159,1,1611,1,2171,1,0
4397,"Cuevas-RodriÂ­guez, Gloria","Universidad Pablo De Olavide, Sevilla",1159,1,1611,1,2171,1,0
3439,"Cuijpers, Rick",Not Found,1159,1,1611,1,2171,1,0
306,"Cullinan, Charles P.",Bryant University,1159,1,1611,1,1070,3,0
5321,"Cunningham, Lauren M. (Dreher)",University of Tennessee Knoxville,1159,1,1611,1,2171,1,0
5263,"Cushen, Jean",Dublin City University,1159,1,1611,1,2171,1,0
1430,"Czarniawska, Barbara",University of Gothenburg,1159,1,1611,1,2171,1,0
4382,"D`Adderio, Luciana",University of Strathclyde in Glasgow,1159,1,1611,1,2171,1,0
5137,"da Silva, Carlos Gomes",Polytechnic Institute of Leiria,1159,1,1611,1,2171,1,0
1431,"Dacin, M. Tina",Queen's University,1159,1,1611,1,1462,2,0
4345,"Daigle, Ronald J.",Sam Houston State University,1159,1,1611,1,2171,1,0
3795,"Daily, Cynthia M.",University of Arkansas at Little Rock,1159,1,1611,1,2171,1,0
5172,"Dambra, Michael",State University of New York at Buffalo,1159,1,1611,1,2171,1,0
3766,"Dambrin, Claire",ESCP Europe,1159,1,1611,1,2171,1,0
1434,"Daniel, Naveen D.",Drexel University,1159,1,1611,1,2171,1,0
4488,"Dao, Mai",University of Toledo,1159,1,1611,1,2171,1,0
3122,"Darnall, Nicole",Arizona State University,1159,1,1611,1,2171,1,0
3315,"Dasgupta, Sudipto",Hong Kong University of Science and Technology,1159,1,1611,1,2171,1,0
697,"Datar, Srikant M.",Harvard University,1159,1,1611,1,197,11,0
5357,"Davenport, Stephan A.",Suffolk University,1159,1,1611,1,2171,1,0
5300,"Davern, Michael J.",University of Melbourne,1159,1,1611,1,2171,1,0
5525,"Davis, Ann Boyd",Tennessee Tech University,1159,1,1611,1,2171,1,0
2885,"Davis, Jon S.",University of Illinois at Urbana-Champaign,1159,1,752,3,230,10,0
996,"Davis, Larry R.",University of St. Thomas,1159,1,1611,1,667,5,0
5076,"De George, Emmanuel T.",London Business School,1159,1,1611,1,2171,1,0
4852,"de Jager, Phillip",University of Cape Town,1159,1,1611,1,2171,1,0
3339,"de la Rosa, Leonidas E.",Aarhus University,1159,1,1611,1,2171,1,0
2963,"de Lange, Rindert K.",Practice,1159,1,1611,1,2171,1,0
3191,"Dean, Graeme",University of Sydney,1159,1,1611,1,2171,1,0
3246,"Dedman, Elisabeth",University of Nottingham,1159,1,1611,1,2171,1,0
3531,"Dee, Carol Callaway",University of Colorado Denver,1159,1,1611,1,2171,1,0
828,"Demers, Elizabeth D. -",,1159,1,1047,2,1070,3,0
5117,"Denford, James S.",Royal Military College of Canada,1159,1,1611,1,2171,1,0
5619,"Deng, Xuefei (Nancy)",University of Hawaii at Manoa,1159,1,1611,1,2171,1,0
1448,"Denis, Diane K.",University of Pittsburgh,1159,1,1611,1,1462,2,0
2397,"Desai, Hemang",Southern Methodist University,1159,1,547,4,833,4,0
3446,"Desai, Vikram",Nova Southeastern University,1159,1,1611,1,2171,1,0
5395,"Desir, Rosemond",Colorado State University,1159,1,1611,1,2171,1,0
3340,"Dibben, Mark",University of Tasmania,1159,1,1611,1,2171,1,0
5051,"Dickins, Denise",East Carolina University,1159,1,1611,1,2171,1,0
4420,"Dierynck, Bart",Tilburg University,1159,1,1611,1,2171,1,0
3803,"Dimitrov, Valentin","Rutgers, The State University of New Jersey",1159,1,1611,1,2171,1,0
3804,"Ding, Shujun",Ottawa University,1159,1,1611,1,2171,1,0
3473,"Ding, Yuan",China Europe International Business school,1159,1,1611,1,2171,1,0
1453,"Ditillo, Angelo",Bocconi University,1159,1,1047,2,1462,2,0
5493,"Dong, Minyue",University of Lausanne,1159,1,1611,1,2171,1,0
3797,"Donle, Michaela",University of Potsdam,1159,1,1611,1,2171,1,0
3068,"Donoso, Rafael",Deceased,1159,1,1611,1,2171,1,0
5374,"Dorantes, Carlos-Alberto",Tecnologico de Monterrey,1159,1,1611,1,2171,1,0
2380,"Doupnik, Timothy S.",University of South Carolina,1159,1,1047,2,1462,2,0
620,"Douthett, Edward B.",George Mason University,1159,1,1047,2,1462,2,0
4532,"Douthit, Jeremy D.",Florida State University,1159,1,1611,1,2171,1,0
3259,"Dow, Kevin E.",University of Nottingham,1159,1,1611,1,2171,1,0
4390,"Downen, Tom",Southern Illinois University,1159,1,1611,1,2171,1,0
3760,"Downer, John",University of Bristol,1159,1,1611,1,2171,1,0
947,"Drake, Andrea R.",Louisiana Tech University,1159,1,752,3,833,4,0
5508,"Drake, Katharine D.",University of Arizona,1159,1,1611,1,2171,1,0
4459,"Du, Fei",University of Hong Kong,1159,1,1611,1,2171,1,0
5095,"Du, Kai",Pennsylvania State University,1159,1,1611,1,2171,1,0
2458,"Duellman, Scott",Saint Louis University,1159,1,1047,2,1462,2,0
449,"Dunbar, Amy E.",University of Connecticut,1159,1,752,3,446,7,0
1463,"Durnev, Artyom",University of Iowa,1159,1,1047,2,1462,2,0
5397,"Durney, Michael",Cornell University,1159,1,1611,1,2171,1,0
2780,"Durtschi, Cindy",DePaul University,1159,1,1047,2,1462,2,0
357,"Dwyer, Peggy D.",University of Central Florida,1159,1,1611,1,1070,3,0
3501,E. Matthew Van Winkle,Practice,1159,1,1611,1,2171,1,0
1466,"Eberhart, Allan",Georgetown University,1159,1,1611,1,2171,1,0
5597,"Ebert, Nadine",University of Muenster,1159,1,1611,1,2171,1,0
4113,"Edmonds, Christopher T.",University of Delaware,1159,1,1611,1,2171,1,0
3640,"Efendi, Jap",University of Sydney,1159,1,1611,1,2171,1,0
5599,"Eiler, Lisa",California State University Fullerton,1159,1,1611,1,2171,1,0
5197,"El Ghoul, Sadok",University of Alberta,1159,1,1611,1,2171,1,0
967,"Elgers, Pieter T.",University of Massachusetts Amherst,1159,1,1047,2,372,8,0
5332,"Elliott, Robert J.",University of Adelaide,1159,1,1611,1,2171,1,0
4559,"Ellis, Jesse A.",North Carolina State University,1159,1,1611,1,2171,1,0
3288,"Emanuel, David",University of Auckland,1159,1,1611,1,2171,1,0
2354,"Emby, Craig",Simon Fraser University,1159,1,752,3,543,6,0
2734,"Emmanuel, Clive",Deceased,1159,1,1611,1,2171,1,0
371,"Engel, Ellen E.",University of Chicago,1159,1,286,6,372,8,0
3131,"Engels, Anita",University of Hamburg,1159,1,1611,1,2171,1,0
2416,"Engle, Terry J.",University of South Florida,1159,1,1611,1,1462,2,0
3769,"Englund, Hans",Orebro University,1159,1,1611,1,2171,1,0
3774,"Epstein, Marc J",Rice University,1159,1,1611,1,2171,1,0
4496,"Escobar-RodriÂ­guez, Tomas",Not Found,1159,1,1611,1,2171,1,0
5134,"Espahbodi, Reza",Washburn University,1159,1,1611,1,2171,1,0
5494,"Esplin, Adam",University of Alberta,1159,1,1611,1,2171,1,0
1140,"Euske, K. J.",Naval Postgraduate School,1159,1,1047,2,1070,3,0
3566,"Faccio, Mara",Purdue University,1159,1,1611,1,2171,1,0
1480,"Fader, Christina",University of Waterloo,1159,1,1047,2,1462,2,0
387,"Fan, Joseph P. H.",Chinese University of Hong Kong,1159,1,752,3,1070,3,0
3612,"Fan, Weiguo",Virginia Tech,1159,1,1611,1,2171,1,0
3343,"Fan, Yun",University of Houston,1159,1,1611,1,2171,1,0
5635,"Fanning, Kirsten",University of Illinois at Urbana-Champaign,1159,1,1611,1,2171,1,0
146,"Farlee, Mitchell A.",Practice,1159,1,1611,1,1070,3,0
3211,"Farrell, Barbara R.",Pace University,1159,1,1611,1,2171,1,0
3682,"Faure, Bertrand",University of Toulouse,1159,1,1611,1,2171,1,0
4426,"Fayard, Dutch",University of North Texas,1159,1,1611,1,2171,1,0
3470,"Feldman, Ronen",Hebrew University of Jerusalem,1159,1,1611,1,2171,1,0
1180,"Ferguson, Andrew",University of Technology Sydney,1159,1,752,3,1070,3,0
5077,"Ferguson, Colin",Deceased,1159,1,1611,1,2171,1,0
5175,"Ferlie, Ewan",King`s College London,1159,1,1611,1,2171,1,0
5354,"Fernando, Guy D.",University at Albany – State University of New York,1159,1,1611,1,2171,1,0
1489,"Ferreira, Daniel",London School of Economics and Political Science,1159,1,1611,1,2171,1,0
361,"Fessler, Nicholas J.",University of Central Missouri,1159,1,1047,2,1462,2,0
5365,"Fiolleau, Krista",University of Waterloo,1159,1,1611,1,2171,1,0
5174,"Fischer, Michael Daniel",St Bonaventure University,1159,1,1611,1,2171,1,0
805,"Fisher, Joseph G.",Indiana University Bloomington,1159,1,286,6,153,12,0
5151,"Fitzgerald, Tristan",Not Found,1159,1,1611,1,2171,1,0
2913,"Fleischman, Gary M.",Texas Tech University,1159,1,1047,2,1462,2,0
5468,"Flor, Christian Riis","University of Southern Denmark, Odense",1159,1,1611,1,2171,1,0
4485,"Florou, Annita",King`s College London,1159,1,1611,1,2171,1,0
351,"Fogarty, Timothy J.",Case Western Reserve University,1159,1,752,3,230,10,0
3602,"Fordham, David R",James Madison University,1159,1,1047,2,1462,2,0
3292,"Forgione, Dana A.",University of Texas at San Antonio,1159,1,1611,1,2171,1,0
5483,"Forst, Arno",Kent State University,1159,1,1611,1,2171,1,0
2263,"Fortin, Anne",University of Quebec at Montreal,1159,1,1047,2,1070,3,0
979,"Fortin, Steve",McGill University,1159,1,752,3,1070,3,0
2437,"Foster, George",Stanford University,1159,1,393,5,197,11,0
5276,"Fourcade, Marion","University of California, Berkeley",1159,1,1611,1,2171,1,0
5431,"Fox, William F.",University of Tennessee Knoxville,1159,1,1611,1,2171,1,0
5600,"Francis, Bill B.",Rensselaer Polytechnic Institute,1159,1,1611,1,2171,1,0
2812,"Frank, Mary Margaret -",,1159,1,547,4,833,4,0
4185,"Franz, Diana R.",University of Toledo,1159,1,1611,1,2171,1,0
148,"Frederickson, James R.",University of Melbourne,1159,1,286,6,301,9,0
3662,"Fretwell, Phillip Z",Practice,1159,1,1611,1,2171,1,0
5561,"Friedman, Henry L.","University of California, Los Angeles",1159,1,1611,1,2171,1,0
2653,"Frimor, Hans",Aarhus University,1159,1,752,3,833,4,0
761,"Frischmann, Peter J.",Idaho State University,1159,1,752,3,543,6,0
3094,"Frow, Natalie",Practice,1159,1,1611,1,2171,1,0
3663,"Fu, Honglin",Nankai University,1159,1,1611,1,2171,1,0
4589,"Fu, Renhui",Purdue University,1159,1,1611,1,2171,1,0
3511,"Fukukawa, Hironori",Hitotsubashi University,1159,1,1611,1,2171,1,0
5292,"Fuller, Robert M.",University of Tennessee Knoxville,1159,1,1611,1,2171,1,0
2781,"Fullerton, Rosemary R.",Retired or Emeritus,1159,1,1047,2,1462,2,0
4418,"Funnell, Warwick",University of Kent,1159,1,1611,1,2171,1,0
5271,"Gabbioneta, Claudia",University of Genoa,1159,1,1611,1,2171,1,0
2162,"Gabriel, E. Ann",Ohio University,1159,1,1611,1,1462,2,0
5613,"Gaertner, Fabio B.",University of Wisconsin-Madison,1159,1,1611,1,2171,1,0
5299,"Gal, Graham",University of Massachusetts Amherst,1159,1,1611,1,2171,1,0
5614,"Gallemore, John",University of Chicago,1159,1,1611,1,2171,1,0
4517,"Galletta, Dennis",University of Pittsburgh,1159,1,1611,1,2171,1,0
5184,"Gao, Lei",State University of New York at Geneseo,1159,1,1611,1,2171,1,0
5394,"Gao, Xinghua",Governors State University,1159,1,1611,1,2171,1,0
3685,"Gao, Yu",University of Minnesota,1159,1,1611,1,2171,1,0
1502,"Garfinkel, Jon A.",University of Iowa,1159,1,1047,2,1462,2,0
5616,"Garrett, Jace",Bentley University,1159,1,1611,1,2171,1,0
3271,"Gary, Robert F.",University of New Mexico,1159,1,1611,1,2171,1,0
1719,"Gavious, Ilanit",Ben-Gurion University,1159,1,1047,2,1462,2,0
3548,"Ge, Rui",Hong Kong Polytechnic University,1159,1,1611,1,2171,1,0
4328,"Gelinas Jr., Ulric J.",Retired or Emeritus,1159,1,1047,2,1462,2,0
5535,"Georgakopoulos, Georgios",University of Amsterdam,1159,1,1611,1,2171,1,0
85,"Ghicas, Dimitrios C.",Athens University of Economics and Business,1159,1,1611,1,833,4,0
3294,"Gibson, Brian",Not Found,1159,1,1611,1,2171,1,0
2497,"Giroux, Gary A.",Texas A&M University,1159,1,1611,1,1462,2,0
5455,"Gkougkousi, Xanthi",Erasmus University Rotterdam,1159,1,1611,1,2171,1,0
1515,"Glavovic, Alma",Practice,1159,1,1611,1,2171,1,0
1197,"Gode, Dhananjay",New York University,1159,1,752,3,1070,3,0
1082,"Godfrey, Jayne M.",Australian National University,1159,1,752,3,833,4,0
5587,"Goh, Joshua O.",National Taiwan University,1159,1,1611,1,2171,1,0
4370,"Golman, Russell",Carnegie Mellon University,1159,1,1611,1,2171,1,0
3217,"Gomez-Aguilar, Nieves",Not Found,1159,1,1611,1,2171,1,0
4515,"Gonzalez, George C.",University of Lethbridge,1159,1,1611,1,2171,1,0
3345,"Goodwin, John",Sabanci University,1159,1,1611,1,2171,1,0
4543,"Gopalan, Radhakrishnan",Washington University in St. Louis,1159,1,1611,1,2171,1,0
964,"Gordon, Lawrence A.",University of Maryland,1159,1,1047,2,833,4,0
4546,"Gormley, Todd A.",University of Pennsylvania,1159,1,1611,1,2171,1,0
2273,"Gosman, Marty",Quinnipiac University,1159,1,1047,2,1462,2,0
2305,"Govindaraj, Suresh","Rutgers, The State University of New Jersey",1159,1,1611,1,1462,2,0
2978,"Grabski, Severin V.",Michigan State University,1159,1,1047,2,1070,3,0
3347,"Grace, Martin F.",Georgia State University,1159,1,1611,1,2171,1,0
4415,"Gracia, Louise",University of Warwick,1159,1,1611,1,2171,1,0
3430,"Grafton, Jennifer",University of Melbourne,1159,1,1611,1,2171,1,0
3506,"Graham, Roger C.",Oregon State University,1159,1,1611,1,2171,1,0
5351,"Granja, JoÃ£o",Massachusetts Institute of Technology,1159,1,1611,1,2171,1,0
352,"Grant, Julia",Not Found,1159,1,1611,1,1462,2,0
2419,"Gray, Rob",University of St Andrews,1159,1,1047,2,1070,3,0
5152,"Gray, Stephen",Western Illinois University,1159,1,1611,1,2171,1,0
5477,"Graziani, Rebecca",Bocconi University,1159,1,1611,1,2171,1,0
5336,"Green, Jeremiah",Pennsylvania State University,1159,1,1611,1,2171,1,0
5562,"Green, T. Clifton",Emory University,1159,1,1611,1,2171,1,0
1531,"Greenwood, Royston",University of Alberta,1159,1,1047,2,1070,3,0
531,"Grein, Barbara M.",Drexel University,1159,1,752,3,1070,3,0
4524,"Grenier, Jonathan",Miami University,1159,1,1611,1,2171,1,0
1532,"Greve, Jan",Orebro University,1159,1,1047,2,1462,2,0
4500,"Griffin, Jeremy B.",University of Notre Dame,1159,1,1611,1,2171,1,0
320,"Griffin, Paul A.","University of California, Davis",1159,1,1047,2,1070,3,0
3798,"Grossman, Amanda M.",Murray State University,1159,1,1611,1,2171,1,0
1535,"Groysberg, Boris",Harvard University,1159,1,1047,2,1462,2,0
5534,"Grubnic, Suzana",Loughborough University,1159,1,1611,1,2171,1,0
1536,"Gruca, Thomas",University of Iowa,1159,1,1611,1,1462,2,0
2463,"Gu, Feng",State University of New York at Buffalo,1159,1,1047,2,1462,2,0
3704,"Guan, Jian",University of Louisville,1159,1,1611,1,2171,1,0
3462,"Guan, Yanling",Hong Kong Baptist University,1159,1,1611,1,2171,1,0
5315,"Guan, Yuyan",City University of Hong Kong,1159,1,1611,1,2171,1,0
4387,"Guerreiro, Marta Silva",Not Found,1159,1,1611,1,2171,1,0
5605,"Guest, Nicholas M.",Massachusetts Institute of Technology,1159,1,1611,1,2171,1,0
416,"Guffey, Daryl M.",Clemson University,1159,1,1611,1,1462,2,0
4435,"Guidry, Ronald P.",Illinois State University,1159,1,1611,1,2171,1,0
688,"Guilding, Chris",Griffith University,1159,1,1047,2,1070,3,0
3756,"Guillamon-Saorin, Encarna",Universidad Carlos III de Madrid,1159,1,1611,1,2171,1,0
3555,"Guo, Hui",University of Cincinnati,1159,1,1611,1,2171,1,0
1539,"Guo, Lan",Wilfrid Laurier University,1159,1,1047,2,1462,2,0
2855,"Gupta, Mahendra R.",Washington University in St. Louis,1159,1,1047,2,301,9,0
3348,"Gurun, Umit G.",University of Texas at Dallas,1159,1,1611,1,2171,1,0
4393,"Guthrie, Cynthia",Bucknell University,1159,1,1611,1,2171,1,0
3267,"Guymon, Ronald N.",Georgia State University,1159,1,1611,1,2171,1,0
2982,"Gwebu, Kholekile L.",University of New Hampshire,1159,1,1611,1,2171,1,0
2788,"Hackenbrack, Karl E.",Vanderbilt University,1159,1,752,3,197,11,0
1543,"Hadlock, Charles J.",Michigan State University,1159,1,1047,2,1462,2,0
1018,"Haka, Susan F.",Michigan State University,1159,1,1611,1,372,8,0
5153,"Hall, Jason",University of Michigan,1159,1,1611,1,2171,1,0
1550,"Hamilton, Jane",La Trobe University,1159,1,1047,2,1462,2,0
3350,"Hamm, Sophia J.W.",The Ohio State University,1159,1,1611,1,2171,1,0
261,"Hammond, Theresa Davis",San Francisco State University,1159,1,1611,1,833,4,0
1214,"Hand, John R. M.",University of North Carolina at Chapel Hill,1159,1,547,4,153,12,0
3200,"Hansen, Allan",Copenhagen Business School,1159,1,1611,1,2171,1,0
3201,"Hansen, Carsten Ã˜rts",Copenhagen Business School,1159,1,1611,1,2171,1,0
2179,"Hansen, Don R.",Not Found,1159,1,1611,1,1462,2,0
3236,"Hansen, Robert S.",Tulane University,1159,1,1611,1,2171,1,0
4461,"Hansen, Victoria J.",State University of New York at New Paltz,1159,1,1611,1,2171,1,0
5623,"Hao, Jia",University of Michigan,1159,1,1611,1,2171,1,0
1182,"Harding, Noel",UNSW Sydney,1159,1,1611,1,1070,3,0
5632,"Hardy, Catherine Anne",University of Sydney,1159,1,1611,1,2171,1,0
5631,"Harrigan, Fiona",University College Dublin,1159,1,1611,1,2171,1,0
2469,"Harris, David G.",Syracuse University,1159,1,752,3,372,8,0
5507,"Harris, Erica E.",Rutgers-Camden,1159,1,1611,1,2171,1,0
5302,"Harrison, Andrew J.",University of Cincinnati,1159,1,1611,1,2171,1,0
959,"Harrison, Graeme L.",Retired or Emeritus,1159,1,1047,2,372,8,0
5601,"Hasan, Iftekhar",Fordham University,1159,1,1611,1,2171,1,0
2566,"Hassab-Elnaby, Hassan R.",University of Toledo,1159,1,752,3,1070,3,0
2644,"Hasseldine, D. John",University of New Hampshire,1159,1,1047,2,1462,2,0
820,"Hassell, John M.",Indiana University Indianapolis,1159,1,752,3,301,9,0
2988,"Hassink, Harold F.",Maastricht University,1159,1,1611,1,2171,1,0
1563,"Hayes, Andrew F.",The Ohio State University,1159,1,1047,2,1462,2,0
5110,"Hayes, Colleen",Arizona State University,1159,1,1611,1,2171,1,0
2989,"Hayes, David C.",James Madison University,1159,1,1047,2,833,4,0
373,"Hayes, Rachel M.",University of Utah,1159,1,393,5,301,9,0
1565,"Haynes, Kathryn",Newcastle University,1159,1,1611,1,2171,1,0
5593,"He, Shaohua",Lancaster University,1159,1,1611,1,2171,1,0
4445,"He, Xianjie",Shanghai University of Finance and Economics,1159,1,1611,1,2171,1,0
2990,"Heagy, Cynthia D.",University of Houston-Clear Lake,1159,1,1047,2,1462,2,0
5115,"Heales, Jon",University of Queensland,1159,1,1611,1,2171,1,0
5277,"Healy, Kieran",Duke University,1159,1,1611,1,2171,1,0
1568,"Hechter, Michael",Retired or Emeritus,1159,1,1611,1,2171,1,0
3671,"Hee, Kevin W",San Diego State University,1159,1,1611,1,2171,1,0
604,"Heflin, Frank L.",Florida State University,1159,1,547,4,667,5,0
5190,"Heinrichs, Nicolas",Not Found,1159,1,1611,1,2171,1,0
3239,"Hellstrom, Jorgen",University of Umea,1159,1,1611,1,2171,1,0
77,"Henderson, B. Charlene",Mississippi State University,1159,1,1047,2,1070,3,0
1572,"Hendry, John",University of Reading,1159,1,1047,2,1462,2,0
3126,"Henle, Christine A",Colorado State University,1159,1,1611,1,2171,1,0
2742,"Henri, Jean-Francois",Laval University,1159,1,752,3,1070,3,0
1574,"Herck, Gustaaf Van",Catholic (Katholieke) University of Leuven,1159,1,1611,1,2171,1,0
5191,"Hess, Dieter",University of Cologne,1159,1,1611,1,2171,1,0
4394,"Higson, Andrew W",Loughborough University,1159,1,1611,1,2171,1,0
3144,"Hilton, Sandy (Andrew)",Practice,1159,1,1611,1,2171,1,0
806,"Hite, Peggy A.",Indiana University Bloomington,1159,1,1047,2,543,6,0
3667,"Ho, Simon S.M.",University of Macau,1159,1,1611,1,2171,1,0
3572,"Hoag, Matthew L.",Gonzaga University,1159,1,1611,1,2171,1,0
5366,"Hoang, Kris",Tulane University,1159,1,1611,1,2171,1,0
3146,"Hochberg, Yael",Northwestern University,1159,1,1611,1,2171,1,0
5358,"Hogan, Brian",University of Pittsburgh,1159,1,1611,1,2171,1,0
5324,"Hoi, Chun Keung",Rochester Insitute of Technology,1159,1,1611,1,2171,1,0
4567,"Holland, Sara B.",University of Georgia,1159,1,1611,1,2171,1,0
3351,"Hollander, Stephan",Tilburg University,1159,1,1611,1,2171,1,0
165,"Hollie, Dana",Louisiana State University,1159,1,1611,1,2171,1,0
4365,"Holt, Travis",Auburn University,1159,1,1611,1,2171,1,0
4384,"Homburg, Christian",University of Melbourne,1159,1,1611,1,2171,1,0
5719,"Hong, Yuan",University at Albany – State University of New York,1159,1,1611,1,2171,1,0
3419,"Hoogduin, Lucas A.",Practice,1159,1,1611,1,2171,1,0
3776,"Hoppe, Felix",Not Found,1159,1,1611,1,2171,1,0
904,"Hoque, Zahirul",La Trobe University,1159,1,1611,1,1462,2,0
4376,"Hoskin, Robert E",University of Connecticut,1159,1,1611,1,2171,1,0
5149,"Hostak, Peter",Not Found,1159,1,1611,1,2171,1,0
1595,"Hou, Kewei",The Ohio State University,1159,1,1047,2,1462,2,0
3154,"Howe, John S",University of Missouri,1159,1,1611,1,2171,1,0
3120,"Howorth, Carole",University of Bradford,1159,1,1611,1,2171,1,0
3691,"Hrazdil, Karel",Simon Fraser University,1159,1,1611,1,2171,1,0
3668,"Hsu, Sylvia Hsingwen",York University,1159,1,1611,1,2171,1,0
1600,"Hu, Bingbing",Hong Kong Baptist University,1159,1,1047,2,1462,2,0
3523,"Hu, Paul Jen-Hwa",University of Utah,1159,1,1611,1,2171,1,0
2192,"Hu, Xuesong",University of Oregon,1159,1,1047,2,1462,2,0
3443,"Huang, Alan G.",University of Waterloo,1159,1,1611,1,2171,1,0
4455,"Huang, Henry He",Yeshiva University,1159,1,1611,1,2171,1,0
1602,"Huang, Hua-Wei",National Cheng-Kung University (Taiwan),1159,1,752,3,1070,3,0
3328,"Huang, Hui-Chi",Oregon State University,1159,1,1611,1,2171,1,0
4489,"Huang, Pinghsun",National Cheng-Kung University (Taiwan),1159,1,1611,1,2171,1,0
5333,"Huang, Xiaochuan (Kelly)",Florida International University,1159,1,1611,1,2171,1,0
5516,"Huang, Xuan",California State University Long Beach,1159,1,1611,1,2171,1,0
4580,"Huang, Ying",University of Louisville,1159,1,1611,1,2171,1,0
2218,"Huddart, Steven J.",Pennsylvania State University,1159,1,211,7,197,11,0
3672,"Huelsbeck, David P",University of Melbourne,1159,1,1611,1,2171,1,0
4520,"Huerta, Esperanza",San Jose State University,1159,1,1611,1,2171,1,0
934,"Hughes, K. E. (Skip)",University of Southern Mississippi,1159,1,1047,2,1070,3,0
2623,"Humphrey, Chris",University of Manchester,1159,1,1047,2,1070,3,0
3763,"Husillos, Javier",University of Strathclyde in Glasgow,1159,1,1611,1,2171,1,0
1606,"Huson, Mark R.",University of Alberta,1159,1,1611,1,1070,3,0
52,"Hwang, Yuchang",China Europe International Business school,1159,1,1611,1,833,4,0
2903,"Hyatt, Troy A.",Boise State University,1159,1,1611,1,1462,2,0
5678,"Hyun, Jeong-Hoon",Seoul National University,1159,1,1611,1,2171,1,0
5465,"Iliev, Peter",Pennsylvania State University,1159,1,1611,1,2171,1,0
4471,"Impink, Joost",University of Florida,1159,1,1611,1,2171,1,0
5388,"Inger, Kerry K.",Auburn University,1159,1,1611,1,2171,1,0
4510,"Iselin, Errol R.",Not Found,1159,1,1611,1,2171,1,0
4336,"Iskandar-Datta, Mai",Wayne State University,1159,1,1611,1,2171,1,0
5625,"Issa, Hussein","Rutgers, The State University of New Jersey",1159,1,1611,1,2171,1,0
53,"Iyer, Govind S.",University of North Texas,1159,1,1611,1,667,5,0
3631,"Jackson, Cynthia",Northeastern University,1159,1,1611,1,2171,1,0
5359,"Jackson, Mark","University of Nevada, Reno",1159,1,1611,1,2171,1,0
424,"Jacob, John",Deceased,1159,1,1047,2,372,8,0
5617,"Jacob, Martin",WHU - Otto Beisheim School of Management,1159,1,1611,1,2171,1,0
2301,"Jaggi, Bikki L.","Rutgers, The State University of New Jersey",1159,1,1047,2,1462,2,0
642,"Jain, Prem C.",Georgetown University,1159,1,1047,2,1070,3,0
5563,"Jame, Russell",University of Kentucky,1159,1,1611,1,2171,1,0
5607,"Jans, Mieke",Hasselt University,1159,1,1611,1,2171,1,0
3114,"Jansen, E. Pieter",University of Groningen,1159,1,1611,1,2171,1,0
4438,"Jansen, Ivo Ph.",Rutgers-Camden,1159,1,1611,1,2171,1,0
3138,"Jarrell, Gregg A.",University of Rochester,1159,1,1611,1,2171,1,0
559,"Jeacle, Ingrid",University of Edinburgh,1159,1,547,4,833,4,0
847,"Jeffrey, Cynthia",Iowa State University,1159,1,1611,1,1070,3,0
2952,"Jeffrey, Scott A.",Monmouth University,1159,1,1611,1,2171,1,0
5236,"Jennings, Jared N.",Washington University in St. Louis,1159,1,1611,1,2171,1,0
3578,"Jennings, Robert",Indiana University Bloomington,1159,1,1611,1,2171,1,0
3444,"Jha, Ranjini",University of Waterloo,1159,1,1611,1,2171,1,0
5618,"Jia, Yuping",Frankfurt School of Finance and Management,1159,1,1611,1,2171,1,0
3458,"Jian, Ming",Nanyang Technological University,1159,1,1611,1,2171,1,0
3210,"Jiang, (Alicia) Liwei",Australian National University,1159,1,1611,1,2171,1,0
5457,"Jiang, Liangliang",Lingnan University,1159,1,1611,1,2171,1,0
1616,"Jiang, Wei",California State University Fullerton,1159,1,1047,2,1462,2,0
3554,"Jiang, Xiaowen",Wayne State University,1159,1,1611,1,2171,1,0
3530,"Jin, Justin Y.",McMaster University,1159,1,1611,1,2171,1,0
4551,"Jin, Wen",Practice,1159,1,1611,1,2171,1,0
5288,"Johansson, Tobias",Orebro University,1159,1,1611,1,2171,1,0
5289,"Johed, Gustav",Stockholm University,1159,1,1611,1,2171,1,0
3432,"Joireman, Jeff",Washington State University,1159,1,1611,1,2171,1,0
3352,"Jones III, Ambrose",University of North Carolina at Greensboro,1159,1,1611,1,2171,1,0
3205,"Jones, Megan",Not Found,1159,1,1611,1,2171,1,0
1636,"Jones, Michael J.",Retired or Emeritus,1159,1,1611,1,1462,2,0
498,"Joos, Peter R.",Practice,1159,1,752,3,833,4,0
2560,"Joos, Phililp",Tilburg University,1159,1,1047,2,1462,2,0
4380,"Jordan, Silvia",University of Innsbruck,1159,1,1611,1,2171,1,0
1641,"Jorion, Philippe","University of California, Irvine",1159,1,1047,2,1070,3,0
1642,"Jorissen, Ann",University of Antwerp,1159,1,1611,1,2171,1,0
2995,"Journeault, Marc",Laval University,1159,1,1611,1,2171,1,0
892,"Jung, Kooyul",Ulsan National Institute of Science and Technology (UNI,1159,1,1611,1,1070,3,0
4434,"Jupe, Robert",University of Kent,1159,1,1611,1,2171,1,0
3771,"Justesen, Lise",Copenhagen Business School,1159,1,1611,1,2171,1,0
5717,"Kachroo, Pushkin","University of Nevada, Las Vegas",1159,1,1611,1,2171,1,0
1646,"Kadan, Ohad",Washington University in St. Louis,1159,1,1047,2,1462,2,0
5159,"Kalelkar, Rachana",University of Houston,1159,1,1611,1,2171,1,0
3183,"Kalyta, Paul",McGill University,1159,1,1611,1,2171,1,0
4429,"Kamla, Rania",Heriot Watt University,1159,1,1611,1,2171,1,0
5282,"Kang, Fei","California State Polytechnic University, Pomona",1159,1,1611,1,2171,1,0
3353,"Kang, Qiang",Florida International University,1159,1,1611,1,2171,1,0
580,"Kang, Tony",Oklahoma State University,1159,1,1611,1,2171,1,0
5398,"Kannan, Yezen H.",Duquesne University,1159,1,1611,1,2171,1,0
2712,"Kao, Jennifer L.",University of Alberta,1159,1,752,3,230,10,0
3322,"Karan, Vijay",California State University Fullerton,1159,1,1611,1,1462,2,0
3184,"Kato, Kazuo",Not Found,1159,1,1611,1,2171,1,0
3596,"Kauffman, Robert J.",Singapore Management University,1159,1,1611,1,2171,1,0
1656,"Kausar, Asad",Nanyang Technological University,1159,1,1047,2,1462,2,0
1657,"Kearins, Kathryn",Auckland University of Technology,1159,1,1611,1,1462,2,0
4531,"Kearney, Linwood W.",University of North Carolina at Chapel Hill,1159,1,1611,1,2171,1,0
5341,"Keasey, Kevin",University of Leeds,1159,1,1611,1,2171,1,0
700,"Keating, Elizabeth K.",Not Found,1159,1,752,3,1070,3,0
5080,"KecskÃ©s, Ambrus",York University,1159,1,1611,1,2171,1,0
3563,"Kedia, Simi","Rutgers, The State University of New Jersey",1159,1,1611,1,2171,1,0
3000,"Kelton, Andrea S.",Wake Forest University,1159,1,1047,2,1462,2,0
4912,"Kennedy, Frances A.",Clemson University,1159,1,1611,1,2171,1,0
4428,"Kettinger, William J.",University of Memphis,1159,1,1611,1,2171,1,0
4475,"Keune, Marsha B.",University of Dayton,1159,1,1611,1,2171,1,0
87,"Key, Kimberly G.",Auburn University,1159,1,1611,1,1462,2,0
3461,"Khalfia, Amna",Not Found,1159,1,1611,1,2171,1,0
3212,"Khalil, Samer",American University of Beirut,1159,1,1611,1,2171,1,0
3149,"Kho, Bong-Chan",Seoul National University,1159,1,1611,1,2171,1,0
5087,"Khorana, Ajay",Practice,1159,1,1611,1,2171,1,0
4552,"Kido, Nolan",Not Found,1159,1,1611,1,2171,1,0
3117,"Kihn, Lili-Anne",Tampere University,1159,1,1611,1,2171,1,0
5637,"Killian, Sheila",University of Limerick,1159,1,1611,1,2171,1,0
4547,"Kim, Bong Hwan",Seoul National University,1159,1,1611,1,2171,1,0
5681,"Kim, Bum-Joon",Seoul National University,1159,1,1611,1,2171,1,0
3420,"Kim, Chansog (Francis)",State University of New York at Stony Brook,1159,1,1611,1,2171,1,0
3356,"Kim, Dongcheol",Korea University,1159,1,1611,1,2171,1,0
542,"Kim, Irene",Not Found,1159,1,1047,2,1462,2,0
3004,"Kim, Joung W.",Nova Southeastern University,1159,1,1047,2,1462,2,0
4550,"Kim, Jung Hoon",Florida International University,1159,1,1611,1,2171,1,0
3357,"Kim, Myung-In (Michelle)",Inha University (Korea),1159,1,1611,1,2171,1,0
5337,"Kim, Seil",New York University,1159,1,1611,1,2171,1,0
5148,"Kim, Sohyung",Brock University,1159,1,1611,1,2171,1,0
2298,"Kim, Sungsoo",Rutgers-Camden,1159,1,1611,1,1462,2,0
5475,"Kim, Yongbum",Ramapo College,1159,1,1611,1,2171,1,0
2899,"Kimmel, Paul",University of Wisconsin-Milwaukee,1159,1,1611,1,1462,2,0
3247,"Kini, Omesh",Georgia State University,1159,1,1611,1,2171,1,0
4431,"Kirk, Elizabeth A.",University of Dundee,1159,1,1611,1,2171,1,0
2257,"Kirschenheiter, Michael T",University of Illinois at Chicago,1159,1,752,3,372,8,0
3273,"Kitching, Karen A.",George Mason University,1159,1,1611,1,2171,1,0
3260,"Klamm, Bonnie K.",North Dakota State University,1159,1,1047,2,1462,2,0
5722,"Kleist, Virginia Franke",West Virginia University,1159,1,1611,1,2171,1,0
5145,"Knivsflå, Kjell Henry",Norwegian School of Economics,1159,1,1611,1,2171,1,0
3358,"Koch, Adam S.",University of Virginia,1159,1,1611,1,2171,1,0
5181,"Koene, Bas A.S.",Erasmus University Rotterdam,1159,1,1611,1,2171,1,0
5396,"Kokina, Julia",Babson College,1159,1,1611,1,2171,1,0
1677,"Kolev, Kalin",Yale University,1159,1,1611,1,2171,1,0
5237,"Kovrijnykh, Andrei",Arizona State University,1159,1,1611,1,2171,1,0
918,"Kraft, Arthur",City University London (Bayes Business School),1159,1,547,4,833,4,0
5338,"Kraft, Pepa",New York University,1159,1,1611,1,2171,1,0
3990,"Krahel, J. P.","Rutgers, The State University of New Jersey",1159,1,1611,1,2171,1,0
4529,"Krcmar, Helmut",Technical University Munich,1159,1,1611,1,2171,1,0
5718,"Krishen, Anjala S.","University of Nevada, Las Vegas",1159,1,1611,1,2171,1,0
3569,"Kroos, Peter",University of Amsterdam,1159,1,1611,1,2171,1,0
5248,"Kruis, Anne-Marie",Nyenrode Business University,1159,1,1611,1,2171,1,0
5376,"Kuang, Yu",Vrije (VU) University Amsterdam,1159,1,1611,1,2171,1,0
3175,"Kuasirikun, Nooch",University of Nottingham,1159,1,1611,1,2171,1,0
638,"Kumar, Krishna R.",George Washington University,1159,1,1047,2,543,6,0
4563,"Kumar, Praveen",University of Houston,1159,1,1611,1,2171,1,0
5574,"Kumas, Abdullah",University of Richmond,1159,1,1611,1,2171,1,0
3185,"Kunimura, Michio",Not Found,1159,1,1611,1,2171,1,0
1690,"Kunz, Alexis H.",University of Pennsylvania,1159,1,1047,2,1462,2,0
925,"Kurunmaki, Liisa",London School of Economics and Political Science,1159,1,1047,2,1070,3,0
4592,"Kwak, Byungjin",Korea Advanced Institute of Science and Technology,1159,1,1611,1,2171,1,0
5683,"Kwon, Sewon",Seoul National University,1159,1,1611,1,2171,1,0
893,"Kwon, Soo Young",Korea University,1159,1,547,4,667,5,0
759,"Lacina, Michael",University of Houston-Clear Lake,1159,1,1611,1,2171,1,0
3104,"Laksmana, Indrarini",Kent State University,1159,1,1611,1,2171,1,0
3133,"Lam, Helen",Athabasca University,1159,1,1611,1,2171,1,0
5180,"Lander, Michel W.",HEC Paris,1159,1,1611,1,2171,1,0
3692,"Lankton, Nancy",Marshall University,1159,1,1611,1,2171,1,0
4082,"Lapointe-Antunes, Pascale",Brock University,1159,1,1611,1,2171,1,0
5580,"Larmande, Francois",HEC Paris,1159,1,1611,1,2171,1,0
3448,"Lasser, Dennis J.",Binghamton University,1159,1,1611,1,2171,1,0
3362,"Lassila, Dennis R.",Texas A&M University,1159,1,1611,1,2171,1,0
2827,"Lau, James (Chong Man)",Macquarie University,1159,1,1611,1,1462,2,0
3011,"Laurier, Wim",Ghent University,1159,1,1611,1,2171,1,0
1152,"Lawrence, Janice E.",University of Nebraska-Lincoln,1159,1,1611,1,1462,2,0
3223,"Lee, Jong Eun",Sungkyunkwan University,1159,1,1611,1,2171,1,0
5286,"Lee, Joonil",Kyung Hee University,1159,1,1611,1,2171,1,0
3135,"Lee, Ling-Chu",Not Found,1159,1,1611,1,2171,1,0
4427,"Lee, Lorraine S.",University of North Carolina Wilmington,1159,1,1611,1,2171,1,0
3657,"Lee, Yong J.",Not Found,1159,1,1611,1,2171,1,0
5346,"Lee, Yoon-Ho Alex",University of Southern California,1159,1,1611,1,2171,1,0
5576,"Lee, Yul W.",University of Rhode Island,1159,1,1611,1,2171,1,0
935,"Legoria, Joseph",Louisiana State University,1159,1,1611,1,1462,2,0
3363,"Lehn, Kenneth M.",University of Pittsburgh,1159,1,1611,1,2171,1,0
5327,"Leiby, Justin",University of Florida,1159,1,1611,1,2171,1,0
3421,"Lemon, W. Morley",Retired or Emeritus,1159,1,1611,1,2171,1,0
4442,"Lesage, CÃ©dric",HEC Paris,1159,1,1611,1,2171,1,0
3364,"Leverty, J. Tyler",University of Wisconsin-Madison,1159,1,1611,1,2171,1,0
318,"Levi, Shai",Tel Aviv University,1159,1,1611,1,2171,1,0
3656,"Levitan, Alan S.",University of Louisville,1159,1,1611,1,2171,1,0
4521,"Lewis, Philip A.",Eastern Michigan University,1159,1,1611,1,2171,1,0
3666,"Li, Annie Yuansha",University of Massachusetts Lowell,1159,1,1611,1,2171,1,0
5592,"Li, Bin",University of Texas at Dallas,1159,1,1611,1,2171,1,0
3014,"Li, Dang","California State Polytechnic University, San Luis Obis",1159,1,1611,1,2171,1,0
3130,"Li, Mu",Practice,1159,1,1611,1,2171,1,0
3583,"Li, Qingyuan",Wuhan University,1159,1,1611,1,2171,1,0
1132,"Li, Shu-Hsing",National Taiwan University,1159,1,1611,1,1462,2,0
3469,"Li, Siyi",University of Illinois at Urbana-Champaign,1159,1,1611,1,2171,1,0
3015,"Li, Wang",University of Akron,1159,1,1047,2,1462,2,0
1706,"Li, Wei",Kent State University,1159,1,1047,2,1462,2,0
1717,"Li, Xi (finance)",Hong Kong University of Science and Technology,1159,1,1047,2,1462,2,0
3231,"Li, Xi (PhD London)",Temple University,1159,1,1611,1,2171,1,0
2552,"Li, Xu",Lehigh University,1159,1,1047,2,1462,2,0
5400,"Li, Yan",National University of Singapore,1159,1,1611,1,2171,1,0
2259,"Li, Yinghua",Baruch College-The City University of New York,1159,1,1047,2,1462,2,0
4540,"Li, Zengquan",Not Found,1159,1,1611,1,2171,1,0
3787,"Li, Zining",Southern Methodist University,1159,1,1611,1,2171,1,0
639,"Liang, Lihong",Syracuse University,1159,1,1047,2,1462,2,0
5369,"Liao, Pei-Cheng",National Taiwan University,1159,1,1611,1,2171,1,0
3327,"Liao, Yichun",Not Found,1159,1,1611,1,2171,1,0
185,"Liedtka, Stephen L.",Villanova University,1159,1,1611,1,2171,1,0
2517,"Lightner, Teresa",University of North Texas,1159,1,1047,2,1070,3,0
5168,"Lim, Seung-Yeon",Kookmin University,1159,1,1611,1,2171,1,0
5627,"Lim, Weng Marc",Monash University,1159,1,1611,1,2171,1,0
5472,"Limor, Rina",Hofstra University,1159,1,1611,1,2171,1,0
4462,"Lin, Bingxuan",University of Rhode Island,1159,1,1611,1,2171,1,0
1133,"Lin, Chan-Jane",National Taiwan University,1159,1,1611,1,1462,2,0
5458,"Lin, Chen",University of Hong Kong,1159,1,1611,1,2171,1,0
5429,"Lin, Juichia",Not Found,1159,1,1611,1,2171,1,0
3493,"Lin, Shu",California State University Fresno,1159,1,1611,1,2171,1,0
584,"Lin, Stephen",Florida International University,1159,1,1047,2,1462,2,0
5375,"Lin, Tzong-Huei",Not Found,1159,1,1611,1,2171,1,0
3368,"Lin, Zhi-Xing",Practice,1159,1,1611,1,2171,1,0
5328,"Linck, James S.",Southern Methodist University,1159,1,1611,1,2171,1,0
1230,"Lindquist, Tim M.",University of Northern Iowa,1159,1,1611,1,833,4,0
3256,"Lindsey, Bradley P.",North Carolina State University,1159,1,1611,1,2171,1,0
1727,"Lins, Karl V.",University of Utah,1159,1,752,3,1070,3,0
574,"Linsmeier, Thomas J.",Practice,1159,1,752,3,446,7,0
5434,"Lisic, Ling Lei",George Mason University,1159,1,1611,1,2171,1,0
5540,"Litt, Barri",Nova Southeastern University,1159,1,1611,1,2171,1,0
1135,"Liu, Chi-Chun",National Taiwan University,1159,1,752,3,667,5,0
4396,"Liu, Guoping",Toronto Metropolitan University,1159,1,1611,1,2171,1,0
1728,"Liu, Jun","University of California, San Diego",1159,1,1047,2,1070,3,0
1729,"Liu, Li-Lin (Sunny)",California State University Dominguez Hills,1159,1,1047,2,1462,2,0
5335,"Liu, M. H. Carol",Louisiana State University,1159,1,1611,1,2171,1,0
3369,"Liu, Michelle",New York Institute of Technology,1159,1,1611,1,2171,1,0
3370,"Liu, Qiao",University of Hong Kong,1159,1,1611,1,2171,1,0
4487,"Liu, Xiaohui Gloria",John Carroll University,1159,1,1611,1,2171,1,0
912,"Lo, Agnes W. Y.",Lingnan University,1159,1,1047,2,1462,2,0
1732,"Loft, Anne",Lund University,1159,1,1611,1,1070,3,0
3134,"Lohmann, Larry",Practice,1159,1,1611,1,2171,1,0
2089,"Lont, David H.",University of Otago,1159,1,1611,1,2171,1,0
4398,"Lopez-Cabrales, ÃƒÂlvaro","Universidad Pablo De Olavide, Sevilla",1159,1,1611,1,2171,1,0
4525,"Lopez, Dennis M.",University of Texas at San Antonio,1159,1,1611,1,2171,1,0
3450,"Lord, Yoshie",Old Dominion University,1159,1,1611,1,2171,1,0
1733,"Lounsbury, Michael",University of Alberta,1159,1,1611,1,2171,1,0
4454,"Low, Bernardine",Singapore Management University,1159,1,1611,1,2171,1,0
1120,"Low, Kin-Yew",Nanyang Technological University,1159,1,1047,2,1462,2,0
5411,"Lu, Bo",The Ohio State University,1159,1,1611,1,2171,1,0
4463,"Lu, Rui",National Sun Yat-Sen University,1159,1,1611,1,2171,1,0
4472,"Lubberink, Martien",Victoria University of Wellington,1159,1,1611,1,2171,1,0
2612,"Lui, Daphne",ESSEC Business School,1159,1,1047,2,1462,2,0
4503,"Luippold, Benjamin L.",Babson College,1159,1,1611,1,2171,1,0
2931,"Lukas, Christian",Friedrich Schiller University of Jena,1159,1,1611,1,2171,1,0
3532,"Lulseged, Ayalew",University of North Carolina at Greensboro,1159,1,1611,1,2171,1,0
2493,"Luna, LeAnn",University of Tennessee Knoxville,1159,1,752,3,1070,3,0
5316,"Luo, Ting",Tsinghua University (Beijing),1159,1,1611,1,2171,1,0
5219,"Luypaert, Mathieu",Vlerick Business School,1159,1,1611,1,2171,1,0
5331,"Lyle, Matthew R.",University of Toronto,1159,1,1611,1,2171,1,0
405,"Lynn, Stephen G.",National University of Singapore,1159,1,1047,2,1462,2,0
5091,"Lyssimachou, Danielle",University of London,1159,1,1611,1,2171,1,0
5241,"Ma, Shuai (Mark)","American University Washington, DC",1159,1,1611,1,2171,1,0
5459,"Ma, Yue",City University of Hong Kong,1159,1,1611,1,2171,1,0
3686,"Maber, David A",University of Michigan,1159,1,1611,1,2171,1,0
2878,"MacDonald, Laura D.",Wilfrid Laurier University,1159,1,1047,2,1462,2,0
4587,"Madureira, Leonardo",Case Western Reserve University,1159,1,1611,1,2171,1,0
1266,"Magee, Robert P.",Northwestern University,1159,1,1047,2,446,7,0
1184,"Mahama, Habib",United Arab Emirates University,1159,1,1047,2,1462,2,0
2807,"Maher, John J.",Virginia Tech,1159,1,1047,2,1462,2,0
5527,"Mahlendorf, Matthias D.",Frankfurt School of Finance and Management,1159,1,1611,1,2171,1,0
810,"Maines, Laureen A.",Indiana University Bloomington,1159,1,286,6,153,12,0
5646,"Majoor, Barbara",Nyenrode Business University,1159,1,1611,1,2171,1,0
3765,"Major, Maria J.",ISCTE - Portugal,1159,1,1611,1,2171,1,0
5591,"Majors, Tracie",University of Illinois at Urbana-Champaign,1159,1,1611,1,2171,1,0
3687,"Mak, Chun Yu",University of Birmingham,1159,1,1611,1,2171,1,0
5155,"Makar, Stephen",University of Wisconsin-Oshkosh,1159,1,1611,1,2171,1,0
1256,"Maletta, Mario J.",Northeastern University,1159,1,547,4,197,11,0
188,"Malina, Mary A.",University of Colorado Denver,1159,1,1047,2,1070,3,0
479,"Mande, Vivek",California State University Fullerton,1159,1,752,3,667,5,0
3153,"Mangen, Claudine","Concordia University, St. Paul",1159,1,1611,1,2171,1,0
5345,"Marietta-Westberg, Jennifer",Practice,1159,1,1611,1,2171,1,0
5573,"Marinovic, IvÃ¡n",Stanford University,1159,1,1611,1,2171,1,0
1994,"Markarian, Garen",IE University,1159,1,1611,1,2171,1,0
4995,"Markelevich, Ariel",Suffolk University,1159,1,1611,1,2171,1,0
4360,"Martin, Gregory W.",Indiana University Indianapolis,1159,1,1611,1,2171,1,0
2818,"Martin, Roger D.",University of Virginia,1159,1,547,4,667,5,0
3624,"Martinez-Jerez, Francisco",Harvard University,1159,1,1611,1,2171,1,0
5274,"Martinez, Daniel",HEC Paris,1159,1,1611,1,2171,1,0
4536,"Martini, Jan Thomas",Bielefeld University,1159,1,1611,1,2171,1,0
5296,"Mascha, Maureen Francis",Purdue University Northwest,1159,1,1611,1,2171,1,0
1762,"Mashruwala, Christina",Baruch College-The City University of New York,1159,1,1047,2,1462,2,0
3584,"Mashruwala, Shamin D",Baruch College-The City University of New York,1159,1,1611,1,2171,1,0
4407,"Masschelein, Stijn",University of Western Australia,1159,1,1611,1,2171,1,0
3674,"Mastilak, Christian",Xavier University,1159,1,1611,1,2171,1,0
1763,"Masulis, Ronald W.",UNSW Sydney,1159,1,1611,1,1462,2,0
2473,"Matolcsy, Zoltan P.",University of Technology Sydney,1159,1,1611,1,1462,2,0
2431,"Matson, Diane",University of St. Thomas,1159,1,1611,1,2171,1,0
5272,"Mazzola, Pietro",Not Found,1159,1,1611,1,2171,1,0
3024,"McCall, Holli",Not Found,1159,1,1611,1,2171,1,0
573,"McDevitt, Roselie E.",Retired or Emeritus,1159,1,1611,1,2171,1,0
597,"McGill, Gary A.",University of Florida,1159,1,1611,1,1462,2,0
3451,"McIntosh, Christopher S.",University of Idaho,1159,1,1611,1,2171,1,0
4493,"McKay, Britton A.",Georgia Southern University,1159,1,1611,1,2171,1,0
3546,"McKnight, Constance A.",University of Central Arkansas,1159,1,1611,1,2171,1,0
2843,"McLeay, Stuart",University of Sydney,1159,1,1611,1,1462,2,0
417,"McMillan, Jeffrey J.",Clemson University,1159,1,1611,1,1070,3,0
2728,"McSweeney, Brendan","Royal Holloway, University of London",1159,1,1611,1,1070,3,0
3514,"Mellon, Mark",University of South Florida,1159,1,1611,1,2171,1,0
439,"Melumad, Nahum D.",Deceased,1159,1,547,4,133,13,0
1782,"Mendenhall, Richard R.",University of Notre Dame,1159,1,752,3,543,6,0
3464,"Meng, Xiaojing",New York University,1159,1,1611,1,2171,1,0
5303,"Mennecke, Brian E.",Iowa State University,1159,1,1611,1,2171,1,0
2302,"Mensah, Yaw M.","Rutgers, The State University of New Jersey",1159,1,1047,2,833,4,0
4474,"Mescall, Devan",University of Saskatchewan,1159,1,1611,1,2171,1,0
4423,"Mian, G. Mujtaba",Hong Kong Polytechnic University,1159,1,1611,1,2171,1,0
1749,"Mian, Shehzad L.",Emory University,1159,1,1611,1,1070,3,0
5579,"Miao, Bin",National University of Singapore,1159,1,1611,1,2171,1,0
4424,"Michels, Jeremy",University of Pennsylvania,1159,1,1611,1,2171,1,0
3758,"Mikes, Anette",University of Lausanne,1159,1,1611,1,2171,1,0
1793,"Milbourn, Todd T.",Washington University in St. Louis,1159,1,1611,1,1462,2,0
2679,"Miller, Bruce L.","University of California, Los Angeles",1159,1,1047,2,1462,2,0
5474,"Miller, David W.",California State University Northridge,1159,1,1611,1,2171,1,0
2137,"Miller, Jeffrey S.",University of Notre Dame,1159,1,547,4,667,5,0
928,"Miller, Peter",London School of Economics and Political Science,1159,1,1047,2,197,11,0
3293,"Miller, Steven J.",Williams College,1159,1,1611,1,2171,1,0
4033,"Miller, Tim C.",Xavier University,1159,1,1611,1,2171,1,0
3195,"Millo, Yuval",London School of Economics and Political Science,1159,1,1611,1,2171,1,0
5538,"Milne, Markus",University of Canterbury,1159,1,1611,1,2171,1,0
5273,"Minoja, Mario",University of Modena and Reggio Emilia (Italy),1159,1,1611,1,2171,1,0
4530,"Mistry, Jamshed J.",Suffolk University,1159,1,1611,1,2171,1,0
3098,"Modell, Sven",University of Manchester,1159,1,1611,1,2171,1,0
5306,"Moffitt, Kevin C.","Rutgers, The State University of New Jersey",1159,1,1611,1,2171,1,0
1803,"Mohammad, Emad",McMaster University,1159,1,1047,2,1462,2,0
3123,"Moizer, Peter",University of Leeds,1159,1,1611,1,2171,1,0
5083,"Mola, Simona",Practice,1159,1,1611,1,2171,1,0
3539,"Moll, Jodie",University of Manchester,1159,1,1611,1,2171,1,0
4544,"Monge-Lozano, Pedro",Universidad of Huelva,1159,1,1611,1,2171,1,0
5025,"Montague, Norma R.",Wake Forest University,1159,1,1611,1,2171,1,0
1810,"Moon, Doo Cheol",Yonsei University,1159,1,1047,2,1462,2,0
3981,"Moore, Stephen J.",Practice,1159,1,1611,1,2171,1,0
1258,"Moreno, Kimberly K.",Northeastern University,1159,1,286,6,446,7,0
5072,"Morrell, Kevin",University of Warwick,1159,1,1611,1,2171,1,0
4372,"Morrill, Cameron K.",University of Manitoba,1159,1,1611,1,2171,1,0
4371,"Morrill, Janet B",University of Manitoba,1159,1,1611,1,2171,1,0
3027,"Morris, Bonnie W.",Duquesne University,1159,1,1611,1,1462,2,0
3524,"Morris, John J.",Kansas State University,1159,1,1611,1,2171,1,0
2195,"Morse, Dale C.",University of Oregon,1159,1,1047,2,1070,3,0
611,"Morton, Richard M.",Florida State University,1159,1,1047,2,833,4,0
1819,"Moser, Antony",Not Found,1159,1,1611,1,2171,1,0
4586,"Moulton, Pamela C.",Cornell University,1159,1,1611,1,2171,1,0
3375,"Muhanna, Waleed A.",The Ohio State University,1159,1,1611,1,2171,1,0
2223,"Muller, Karl A.",Pennsylvania State University,1159,1,547,4,446,7,0
1823,"Mundy, Julia",University of Greenwich,1159,1,1047,2,1462,2,0
5469,"Munk, Claus",Copenhagen Business School,1159,1,1611,1,2171,1,0
5293,"Muriel, Leah",Oklahoma State University,1159,1,1611,1,2171,1,0
1825,"Murphy, Kevin J.",University of Southern California,1159,1,1047,2,833,4,0
5176,"Murphy, Tim",Universiti Utara Malaysia,1159,1,1611,1,2171,1,0
5524,"Musumeci, James J.",Bentley University,1159,1,1611,1,2171,1,0
857,"Nagy, Albert L.",John Carroll University,1159,1,1047,2,1462,2,0
1827,"Naik, Prasad A.","University of California, Davis",1159,1,1611,1,2171,1,0
1831,"Napier, Christopher J.","Royal Holloway, University of London",1159,1,1047,2,833,4,0
1832,"Naranjo-Gil, David","Universidad Pablo De Olavide, Sevilla",1159,1,752,3,1070,3,0
703,"Narayanan, V. G.",Harvard University,1159,1,752,3,446,7,0
3515,"Nath, Leda",University of Wisconsin-Whitewater,1159,1,1611,1,2171,1,0
1834,"Naveen, Lalitha",Temple University,1159,1,1611,1,2171,1,0
5373,"Neel, Michael",University of Houston,1159,1,1611,1,2171,1,0
3521,"Neely, M. Pamela",State University of New York College at Brockport,1159,1,1611,1,2171,1,0
462,"Nelson, Mark W.",Cornell University,1159,1,68,11,27,22,1
3377,"Netessine, Serguei",INSEAD,1159,1,1611,1,2171,1,0
5329,"Netter, Jeffry",University of Georgia,1159,1,1611,1,2171,1,0
3032,"Newmark, Richard I.",University of Northern Colorado,1159,1,1611,1,2171,1,0
5360,"Newton, Nathan J.",University of Missouri,1159,1,1611,1,2171,1,0
4549,"Nezlobin, Alexander","University of California, Berkeley",1159,1,1611,1,2171,1,0
1538,"Ng, Anthony C.",Not Found,1159,1,1611,1,2171,1,0
2828,"Ng, Juliana",Australian National University,1159,1,1047,2,1462,2,0
1842,"Ng, Terence Bu-Peow",Nanyang Technological University,1159,1,393,5,667,5,0
5198,"Ni, Yang",Shanghai Jiao Tong University (China),1159,1,1611,1,2171,1,0
463,"Nichols, D. Craig",Syracuse University,1159,1,1047,2,1462,2,0
4537,"Niemann, Rainer",University of Graz,1159,1,1611,1,2171,1,0
5361,"Niemi, Lasse",Aalto University,1159,1,1611,1,2171,1,0
4594,"Niessen-Ruenzi, Alexandra",University of Mannheim,1159,1,1611,1,2171,1,0
2428,"Nigrini, Mark J.",Not Found,1159,1,1611,1,1070,3,0
2579,"Nikias, Anthony D.",Tarleton State University,1159,1,1047,2,1462,2,0
3035,"Nikitkov, Alexei",Brock University,1159,1,1047,2,1462,2,0
441,"Nissim, Doron",Columbia University in the City of New York,1159,1,211,7,372,8,0
1274,"Nobes, Christopher","Royal Holloway, University of London",1159,1,1047,2,1462,2,0
5399,"Nolder, Christine",Suffolk University,1159,1,1611,1,2171,1,0
5188,"Norton, Simon D.",Cardiff University,1159,1,1611,1,2171,1,0
311,"Nouri, Hossein",College of New Jersey,1159,1,1611,1,833,4,0
3250,"Novoselov, Kirill E.",Hong Kong University of Science and Technology,1159,1,1611,1,2171,1,0
4576,"Numan, Wieteke",Catholic (Katholieke) University of Leuven,1159,1,1611,1,2171,1,0
2699,"O`Brien, Patricia C.",University of Waterloo,1159,1,1047,2,543,6,0
2687,"O`Connor, Neale G.",Hong Kong Baptist University,1159,1,547,4,667,5,0
1852,"O`Leary, Ted",University of Manchester,1159,1,1047,2,543,6,0
200,"O\'Reilly, Dennis M.",East Carolina University,1159,1,752,3,1070,3,0
5177,"Oâ€™Connell, Vincent",University of Amsterdam,1159,1,1611,1,2171,1,0
4416,"Oats, Lynne",University of Exeter,1159,1,1611,1,2171,1,0
3037,"Odom, Marcus D.",Southern Illinois University,1159,1,1047,2,1070,3,0
5349,"Oesch, David",University of Zurich,1159,1,1611,1,2171,1,0
5430,"Officer, Micah S.",Loyola Marymount University,1159,1,1611,1,2171,1,0
2625,"Ogden, Stuart",University of Sheffield,1159,1,1047,2,667,5,0
5012,"Olsen, Kari Joseph",University of Southern California,1159,1,1611,1,2171,1,0
3118,"Olsen, Lori",Not Found,1159,1,1611,1,2171,1,0
4437,"Orlikowski, Wanda J.",Massachusetts Institute of Technology,1159,1,1611,1,2171,1,0
3312,"Orpurt, Steven F.",Arizona State University,1159,1,1611,1,2171,1,0
3171,"Ortega (Diego), Jaime",Universidad Carlos III de Madrid,1159,1,1611,1,2171,1,0
919,"Oswald, Dennis R.",University of Michigan,1159,1,1611,1,1462,2,0
3646,"Ouyang, Bo",The Pennsylvania State University Great Valley,1159,1,1611,1,2171,1,0
1857,"Owen, David L.",Retired or Emeritus,1159,1,1047,2,1070,3,0
4494,"Owens, Edward L.",Emory University,1159,1,1611,1,2171,1,0
1233,"Owhoso, Vincent E.",Northern Kentucky University,1159,1,1047,2,1462,2,0
3266,"Ozbilgin, Mehmet",Baruch College-The City University of New York,1159,1,1611,1,2171,1,0
5584,"Ozel, N. Bugra","University of California, Los Angeles",1159,1,1611,1,2171,1,0
4564,"Ozkan, Neslihan",University of Bristol,1159,1,1611,1,2171,1,0
4505,"Pacini, Carl J.",University of South Florida,1159,1,1611,1,2171,1,0
1859,"Pae, Suil",Sungkyunkwan University,1159,1,393,5,301,9,0
5268,"Palmer, Donald","University of California, Davis",1159,1,1611,1,2171,1,0
4447,"Palmon, Dan","Rutgers, The State University of New Jersey",1159,1,1611,1,2171,1,0
2371,"Palmrose, Zoe-Vonna",University of Washington,1159,1,393,5,301,9,0
5194,"Panaretou, Argyro",Lancaster University,1159,1,1611,1,2171,1,0
3109,"Papadaki, Afroditi",Athens University of Economics and Business,1159,1,1611,1,2171,1,0
3447,"Parbonetti, Antonio",University of Padova,1159,1,1611,1,2171,1,0
202,"Park, Chul W.",University of Hong Kong,1159,1,547,4,301,9,0
2151,"Parkash, Mohinder",Oakland University,1159,1,1611,1,1462,2,0
4379,"Parker, Larry M.",Case Western Reserve University,1159,1,1611,1,2171,1,0
2,"Parker, Lee D.",University of St Andrews,1159,1,1611,1,1070,3,0
1175,"Parker, Robert J.",University of New Orleans,1159,1,752,3,667,5,0
3567,"Parsley, David C.",Vanderbilt University,1159,1,1611,1,2171,1,0
623,"Parsons, Linda M.",University of Alabama,1159,1,1047,2,1462,2,0
3272,"Pavur, Robert J.",University of North Texas,1159,1,1611,1,2171,1,0
3286,"Pawlewicz, Robert",George Mason University,1159,1,1611,1,2171,1,0
5670,"Paz, Michael T.",Drexel University,1159,1,1611,1,2171,1,0
3438,"Peek, Erik",Erasmus University Rotterdam,1159,1,1611,1,2171,1,0
5281,"Peltier, Elisabeth",Concordia University - Montreal,1159,1,1611,1,2171,1,0
5485,"Peng, Chih-Wei",Asian University,1159,1,1611,1,2171,1,0
5166,"Penn, Michael W.",Florida State University,1159,1,1611,1,2171,1,0
5529,"Perego, Paolo",Erasmus University Rotterdam,1159,1,1611,1,2171,1,0
786,"Perkins, Jon D.",Iowa State University,1159,1,1047,2,1462,2,0
3772,"Perreault, Stephen",Providence College,1159,1,1611,1,2171,1,0
5295,"Persellin, Julie S.",Trinity University,1159,1,1611,1,2171,1,0
5270,"Pesch, Heather L.",University of Illinois at Urbana-Champaign,1159,1,1611,1,2171,1,0
3380,"Petacchi, Paolo",Suffolk University,1159,1,1611,1,2171,1,0
62,"Petersen, Michael J.",North Dakota State University,1159,1,1047,2,1462,2,0
4466,"Peterson, Kyle",University of Oregon,1159,1,1611,1,2171,1,0
1201,"Petrovits, Christine M.",College of William & Mary,1159,1,1047,2,1462,2,0
3537,"Pezet, Eric",University of Bradford,1159,1,1611,1,2171,1,0
3665,"Pflugrath, Gary",Not Found,1159,1,1611,1,2171,1,0
4534,"Phillips, Jillian R.",University of San Diego,1159,1,1611,1,2171,1,0
450,"Phillips, John D.",University of Connecticut,1159,1,547,4,446,7,0
941,"Phillips, Thomas J.",Louisiana Tech University,1159,1,752,3,833,4,0
3677,"Phua, Yee Shih",UNSW Sydney,1159,1,1611,1,2171,1,0
813,"Picconi, Marc",College of William & Mary,1159,1,1047,2,1462,2,0
5304,"Pickard, Matthew D.",University of New Mexico,1159,1,1611,1,2171,1,0
2594,"Pierce, Bethane Jo",University of Texas at Arlington,1159,1,1611,1,833,4,0
4453,"Piger, Jeremy M.",University of Oregon,1159,1,1611,1,2171,1,0
5247,"Pike, Byron",Minnesota State University Mankato,1159,1,1611,1,2171,1,0
787,"Pike, Joel E.",University of Northern Iowa,1159,1,1047,2,1462,2,0
80,"Pincus, Karen V.",University of Arkansas,1159,1,1611,1,543,6,0
676,"Pinello, Arianna Spina",Florida Gulf Coast University,1159,1,1047,2,1462,2,0
376,"Piotroski, Joseph D.",Stanford University,1159,1,393,5,543,6,0
4375,"Pitre, Terence J.",Saint Mary`s College of California,1159,1,1611,1,2171,1,0
1870,"Plantin, Guillaume",University of Toulouse,1159,1,1611,1,2171,1,0
1249,"Plummer, Elizabeth",Texas Christian University,1159,1,752,3,833,4,0
3045,"Poels, Geert",Ghent University,1159,1,1611,1,2171,1,0
4381,"Pollock, Neil",University of Edinburgh,1159,1,1611,1,2171,1,0
5581,"Ponssard, Jean Pierre",Practice,1159,1,1611,1,2171,1,0
3196,"Poon, Martha",London School of Economics and Political Science,1159,1,1611,1,2171,1,0
2616,"Pope, Peter F.",London School of Economics and Political Science,1159,1,547,4,667,5,0
971,"Porter, Susan L.",University of Virginia,1159,1,1047,2,667,5,0
5114,"Prasad, Acklesh",Queensland University of Technology,1159,1,1611,1,2171,1,0
1977,"Prather-Kinsey, Jenice P.",University of Alabama at Birmingham,1159,1,1611,1,1462,2,0
2486,"Press, Eric G.",Temple University,1159,1,752,3,446,7,0
5060,"Presslee, Adam",University of Pittsburgh,1159,1,1611,1,2171,1,0
1169,"Preston, Alistair M.",University of New Mexico,1159,1,1047,2,301,9,0
1875,"Price, Kenneth H.",Not Found,1159,1,1611,1,1070,3,0
2278,"Price, Richard",Utah State University,1159,1,1047,2,1462,2,0
5409,"Proell, Chad A.",Texas Christian University,1159,1,1611,1,2171,1,0
1530,"Prosch, Marilyn",Practice,1159,1,752,3,833,4,0
5203,"Pukthuanthong, Kuntara",University of Missouri,1159,1,1611,1,2171,1,0
3382,"Qi, Rong",St. John`s University,1159,1,1611,1,2171,1,0
3383,"Qi, Yaxuan",Not Found,1159,1,1611,1,2171,1,0
5377,"Qin, Bo",University of Amsterdam,1159,1,1611,1,2171,1,0
5505,"Qin, Zhenjiang",Southwestern University of Finance and Economics,1159,1,1611,1,2171,1,0
4502,"Qiu, Annie A.",Practice,1159,1,1611,1,2171,1,0
2927,"Qu, Sandy Q.",York University,1159,1,1047,2,1462,2,0
5548,"Quadackers, Luc",Vrije (VU) University Amsterdam,1159,1,1611,1,2171,1,0
2202,"Quattrone, Paolo",IE University,1159,1,752,3,1070,3,0
4644,"Quick, Linda A.",East Carolina University,1159,1,1611,1,2171,1,0
2871,"Quirin, Jeffrey J.",Wichita State University,1159,1,1047,2,1462,2,0
582,"Radtke, Robin R.",Clemson University,1159,1,1047,2,1070,3,0
1218,"Raedy, Jana Smith",University of North Carolina at Chapel Hill,1159,1,286,6,543,6,0
5547,"Raftery, Adrian",Deakin University,1159,1,1611,1,2171,1,0
5473,"Rahman, Asheq Razaur",Not Found,1159,1,1611,1,2171,1,0
4385,"Rajab, Thomas",Practice,1159,1,1611,1,2171,1,0
3096,"Rakovski, Carter",California State University Fullerton,1159,1,1611,1,2171,1,0
4480,"Rakow Jr., Kenneth C.",Saint Xavier University,1159,1,1611,1,2171,1,0
1884,"Ramirez, Carlos",ESSEC Business School,1159,1,1611,1,1462,2,0
4290,"Ranasinghe, Tharindra",Singapore Management University,1159,1,1611,1,2171,1,0
5301,"Rao, Sunita S.",Not Found,1159,1,1611,1,2171,1,0
4000,"Rapley, Eric T.",University of North Texas,1159,1,1611,1,2171,1,0
3783,"Rasmussen, Stephanie J.",University of Texas at Arlington,1159,1,1611,1,2171,1,0
5392,"Rasso, Jason T.",College of Charleston,1159,1,1611,1,2171,1,0
5284,"Ratzinger-Sakel, Nicole V. S.",Ulm University,1159,1,1611,1,2171,1,0
848,"Ravenscroft, Sue P.",Iowa State University,1159,1,1611,1,833,4,0
3384,"Ravindran, Sury",Northern Arizona University,1159,1,1611,1,2171,1,0
377,"Ray, Korok",George Washington University,1159,1,752,3,1070,3,0
211,"Ray, Manash R.",Practice,1159,1,1611,1,2171,1,0
3052,"Reck, Jacqueline L.",University of South Florida,1159,1,1611,1,1070,3,0
691,"Reeve, Robert C.",Not Found,1159,1,1611,1,2171,1,0
5334,"Reggiani, Francesco",Bocconi University,1159,1,1611,1,2171,1,0
1887,"Reichert, Bernhard E.",Drexel University,1159,1,1611,1,2171,1,0
5480,"Reichmann, Steffen",University of Mannheim,1159,1,1611,1,2171,1,0
5294,"Reid, Colin D.",Northeastern University,1159,1,1611,1,2171,1,0
2861,"Reinstein, Alan",Wayne State University,1159,1,1047,2,1070,3,0
14,"Reitenga, Austin",University of Alabama,1159,1,1047,2,1462,2,0
4421,"Renders, Annelies",Maastricht University,1159,1,1611,1,2171,1,0
2749,"Rennie, Morina D.",University of Regina,1159,1,1611,1,1070,3,0
991,"Rezaee, Zabihollah",University of Memphis,1159,1,547,4,667,5,0
2142,"Ricchiute, David N.",University of Notre Dame,1159,1,1047,2,667,5,0
3912,"Rich, Kevin T.",Marquette University,1159,1,1611,1,2171,1,0
3283,"Richard, Chrystelle",ESSEC Business School,1159,1,1611,1,2171,1,0
3474,"Richard, Jacques",Dauphine Universite Paris,1159,1,1611,1,2171,1,0
3962,"Riley, Mark E.",Northern Illinois University,1159,1,1611,1,2171,1,0
5533,"Rinaldi, Leonardo","Royal Holloway, University of London",1159,1,1611,1,2171,1,0
2892,"Rittenberg, Larry E.",Retired or Emeritus,1159,1,752,3,833,4,0
5108,"Robb, Alastair",University of Queensland,1159,1,1611,1,2171,1,0
358,"Robb, Sean W. G.",University of Central Florida,1159,1,1047,2,1462,2,0
264,"Roberts, Andrea A.",University of Virginia,1159,1,752,3,1070,3,0
421,"Roberts, Michael L.",University of Colorado Denver,1159,1,752,3,446,7,0
4417,"Robertson, Jeffrey",Not Found,1159,1,1611,1,2171,1,0
1905,"Robin, Ashok J.",Rochester Insitute of Technology,1159,1,1047,2,1070,3,0
425,"Rock, Steve",University of Colorado at Boulder,1159,1,547,4,543,6,0
3434,"Rodgers, Theodore C.",Emory University,1159,1,1611,1,2171,1,0
3545,"Rodgers, Waymond","University of California, Riverside",1159,1,1611,1,2171,1,0
4388,"Rodrigues, LÃºcia Lima",University of Minho,1159,1,1611,1,2171,1,0
1187,"Roebuck, Peter J.",UNSW Sydney,1159,1,1047,2,1462,2,0
5522,"Rogo, Rafael",University of British Columbia - Vancouver,1159,1,1611,1,2171,1,0
5481,"Rohlfing-Bastian, Anna",University of Tuebingen,1159,1,1611,1,2171,1,0
3670,"Roijmans, Diana",Practice,1159,1,1611,1,2171,1,0
4545,"Romero-Alonso, Mercedes",Practice,1159,1,1611,1,2171,1,0
5298,"Romero, Jorge",Towson University,1159,1,1611,1,2171,1,0
3119,"Roscoe, Philip",University of St Andrews,1159,1,1611,1,2171,1,0
452,"Rosman, Andrew J.","Long Island University, C.W. Post Campus",1159,1,1611,1,1070,3,0
908,"Rosner, Rebecca L.","Long Island University, C.W. Post Campus",1159,1,1047,2,1462,2,0
3436,"Ross-Smith, Anne",Macquarie University,1159,1,1611,1,2171,1,0
5515,"Ross, Nicholas",University of San Francisco,1159,1,1611,1,2171,1,0
5466,"Roth, Lukas",University of Alberta,1159,1,1611,1,2171,1,0
3683,"Rouleau, Linda",HEC Montreal,1159,1,1611,1,2171,1,0
3186,"Rouse, Paul",University of Auckland,1159,1,1611,1,2171,1,0
66,"Rowe, Casey",Purdue University,1159,1,1047,2,1462,2,0
5644,"Ruhnke, Klaus",Free University of Berlin,1159,1,1611,1,2171,1,0
4468,"Rui, Oliver",China Europe International Business school,1159,1,1611,1,2171,1,0
3534,"Rupley, Kathleern",Portland State University,1159,1,1611,1,2171,1,0
4561,"Ryngaert, Michael",University of Florida,1159,1,1611,1,2171,1,0
5199,"Saadi, Samir",University of Ontario,1159,1,1611,1,2171,1,0
3252,"Sadka, Ronnie",Boston College,1159,1,1611,1,2171,1,0
1916,"Salas-Fumas, Vicente",Not Found,1159,1,1611,1,2171,1,0
2602,"Salter, Stephen B.",University of Texas at El Paso,1159,1,1047,2,1462,2,0
5347,"Salzsieder, Leigh",University of Missouri,1159,1,1611,1,2171,1,0
4411,"Samiolo, Rita",London School of Economics and Political Science,1159,1,1611,1,2171,1,0
2284,"Sanchez, Maria H.",Rider University,1159,1,1047,2,1462,2,0
2848,"Sanders, Debra L.",Washington State University,1159,1,1611,1,833,4,0
5407,"Sanders, Paula R.",Oklahoma State University,1159,1,1611,1,2171,1,0
1917,"Sanderson, Paul",University of Cambridge,1159,1,1047,2,1462,2,0
644,"Sankaraguruswamy, Sriniva",National University of Singapore,1159,1,393,5,667,5,0
3147,"Sapienza, Paola",Northwestern University,1159,1,1611,1,2171,1,0
3121,"Sarkis, Joseph",Worcester Polytechnic Institute,1159,1,1611,1,2171,1,0
5371,"Sautner, Zacharias",Frankfurt School of Finance and Management,1159,1,1611,1,2171,1,0
2329,"Sayre, Todd L.",University of San Francisco,1159,1,1611,1,1070,3,0
2626,"Scapens, Robert W.",University of Manchester,1159,1,1611,1,1070,3,0
3525,"Schafer, Brad A.",Kennesaw State University,1159,1,1611,1,2171,1,0
45,"Schatzberg, Jeffrey W.",University of Arizona,1159,1,752,3,197,11,0
5432,"Schaur, Georg",University of Tennessee Knoxville,1159,1,1611,1,2171,1,0
1926,"Schepanski, Albert",Retired or Emeritus,1159,1,1611,1,1070,3,0
4527,"Schermann, Michael",Technical University Munich,1159,1,1611,1,2171,1,0
3550,"Schiller, Ulf",University of Basel,1159,1,1611,1,2171,1,0
3005,"Schmidt, Karsten",Not Found,1159,1,1611,1,2171,1,0
5645,"Schmidt, Martin",ESCP Europe,1159,1,1611,1,2171,1,0
3520,"Schmidt, Pamela",Wayne State University,1159,1,1611,1,2171,1,0
3505,"Schnee, Edward",University of Alabama,1159,1,1611,1,2171,1,0
4079,"Schneider, Thomas E.",University of Alberta,1159,1,1611,1,2171,1,0
5116,"Schobel, Kurt",Royal Military College of Canada,1159,1,1611,1,2171,1,0
2303,"Schoderbek, Michael P.","Rutgers, The State University of New Jersey",1159,1,1611,1,1070,3,0
863,"Scholz, Susan",University of Kansas,1159,1,547,4,833,4,0
5143,"Schram, Arthur J. H. C.",University of Amsterdam,1159,1,1611,1,2171,1,0
2156,"Schroeder, Douglas A.",The Ohio State University,1159,1,752,3,446,7,0
5283,"Schroeder, Joseph H.",Indiana University Bloomington,1159,1,1611,1,2171,1,0
67,"Schultz, Joseph J.",Retired or Emeritus,1159,1,547,4,197,11,0
2638,"Schulz, Axel K-D.",Monash University,1159,1,547,4,833,4,0
5096,"Schwab, Casey M.",University of Georgia,1159,1,1611,1,2171,1,0
3801,"Schwarz, Christopher","University of California, Irvine",1159,1,1611,1,2171,1,0
3618,"Schwarzkopf, David L.",Bentley University,1159,1,1611,1,2171,1,0
3391,"Scott, Irana",James Madison University,1159,1,1611,1,2171,1,0
4436,"Scott, Susan V.",London School of Economics and Political Science,1159,1,1611,1,2171,1,0
2714,"Scott, Thomas W.",University of Waterloo,1159,1,1047,2,446,7,0
5202,"Seavey, Scott E.",University of Nebraska-Lincoln,1159,1,1611,1,2171,1,0
3063,"Sedbrook, Tod",University of Northern Colorado,1159,1,1611,1,2171,1,0
2426,"Seetharaman, Ananth",Saint Louis University,1159,1,1047,2,543,6,0
3471,"Segal, Benjamin",Fordham University,1159,1,1611,1,2171,1,0
5323,"Seidman, Jeri K.",University of Texas at Austin,1159,1,1611,1,2171,1,0
4378,"Sellers, R. Drew",Practice,1159,1,1611,1,2171,1,0
5492,"Sellhorn, Thorsten",WHU - Otto Beisheim School of Management,1159,1,1611,1,2171,1,0
5406,"Semin, GÃ¼n R.",Utrecht University,1159,1,1611,1,2171,1,0
5621,"Seng, Jia-Lang",National Chengchi University,1159,1,1611,1,2171,1,0
415,"Seol, Inshik",Clark University,1159,1,1611,1,1462,2,0
453,"Seow, Gim S.",University of Connecticut,1159,1,1047,2,833,4,0
2145,"Shackell, Margaret B.",Cornell University,1159,1,1047,2,1462,2,0
5195,"Shackleton, Mark B.",Lancaster University,1159,1,1611,1,2171,1,0
915,"Shafer, William E.",Lingnan University,1159,1,1611,1,1070,3,0
1939,"Shahrur, Husayn",Not Found,1159,1,1611,1,2171,1,0
5147,"Shailer, Greg",Australian National University,1159,1,1611,1,2171,1,0
5585,"Shan, Yaowen",University of Technology Sydney,1159,1,1611,1,2171,1,0
4476,"Shanthikumar, Devin M.","University of California, Irvine",1159,1,1611,1,2171,1,0
2433,"Shapiro, Brian P.",University of St. Thomas,1159,1,752,3,446,7,0
3477,"Sharma, Arun K.",Not Found,1159,1,1611,1,2171,1,0
4516,"Sharma, Pratyush Nidhi",University of Delaware,1159,1,1611,1,2171,1,0
2403,"Shaw, Wayne H.",Southern Methodist University,1159,1,1611,1,301,9,0
3258,"Shea, Vincent J.",St. John`s University,1159,1,1611,1,2171,1,0
2270,"Shearer, Teri L.",Queen's University,1159,1,1047,2,833,4,0
5310,"Shen, Rui",Nanyang Technological University,1159,1,1611,1,2171,1,0
4570,"Sheng, Xuguang","American University Washington, DC",1159,1,1611,1,2171,1,0
3558,"Shepardson, Marcy L.",Indiana University Bloomington,1159,1,1611,1,2171,1,0
4483,"Shi, Haina","Fudan University, China",1159,1,1611,1,2171,1,0
4465,"Shi, Linna",Binghamton University,1159,1,1611,1,2171,1,0
224,"Shibano, Toshiyuki",Practice,1159,1,1047,2,543,6,0
3486,"Shih, Aimee",National University of Singapore,1159,1,1611,1,2171,1,0
1944,"Shin, Hyun Song",Princeton University,1159,1,1047,2,1462,2,0
3392,"Shon, John",Fordham University,1159,1,1611,1,2171,1,0
3324,"Shor, Mikhael",University of Connecticut,1159,1,1611,1,2171,1,0
3189,"Short, James E.","University of California, San Diego",1159,1,1611,1,2171,1,0
5330,"Shu, Tao",University of Georgia,1159,1,1611,1,2171,1,0
340,"Sian, Suki","Queen Mary, University of London",1159,1,1047,2,1462,2,0
1948,"Siddique, Akhtar",Not Found,1159,1,1611,1,2171,1,0
96,"Sidhu, Baljit",UNSW Sydney,1159,1,1047,2,1462,2,0
5123,"Sierra, Gregory E",Southern Illinois University Edwardsville,1159,1,1611,1,2171,1,0
5193,"Sievers, Soenke",Paderborn University,1159,1,1611,1,2171,1,0
2730,"Sikka, Prem",University of Essex,1159,1,1611,1,667,5,0
3808,"Silvola, Hanna",Not Found,1159,1,1611,1,2171,1,0
4538,"Simons, Dirk",University of Mannheim,1159,1,1611,1,2171,1,0
3440,"Simpson, Ana",London School of Economics and Political Science,1159,1,1611,1,2171,1,0
5541,"Simpson, Thuy",Grand Valley State University,1159,1,1611,1,2171,1,0
4565,"Singer, Zvi",McGill University,1159,1,1611,1,2171,1,0
3220,"Singhal, Rajeev",Oakland University,1159,1,1611,1,2171,1,0
271,"Sinha, Nishi",Boston University,1159,1,1611,1,1462,2,0
3110,"Siougle, Georgia",Athens University of Economics and Business,1159,1,1611,1,2171,1,0
4687,"Sivabalan, Prabhu",University of Technology Sydney,1159,1,1611,1,2171,1,0
3395,"Sivadasan, Padmakumar",Tulane University,1159,1,1611,1,2171,1,0
4395,"Skousen, Christopher J.",Utah State University,1159,1,1611,1,2171,1,0
1957,"Slagmulder, Regine",Vlerick Business School,1159,1,1047,2,1462,2,0
3199,"Slapnicar, Sergeja",University of Ljubljana,1159,1,1611,1,2171,1,0
382,"Smith, Abbie J.",University of Chicago,1159,1,547,4,372,8,0
1156,"Smith, David B.",University of Nebraska-Lincoln,1159,1,752,3,543,6,0
4568,"Smith, David C.",University of Virginia,1159,1,1611,1,2171,1,0
1231,"Smith, Gerald",University of Northern Iowa,1159,1,1047,2,1070,3,0
972,"Smith, James F.",University of Massachusetts Amherst,1159,1,1047,2,667,5,0
3757,"Smith, James W.",University of Saskatchewan,1159,1,1611,1,2171,1,0
2909,"Smith, Kimberly J.",College of William & Mary,1159,1,1047,2,833,4,0
3067,"Smith, L. Murphy",Murray State University,1159,1,752,3,833,4,0
273,"Smith, Michael J.",Boston University,1159,1,393,5,543,6,0
4366,"Smith, Thomas J.",University of South Florida,1159,1,1611,1,2171,1,0
1966,"Smith, Tom",University of Queensland,1159,1,1611,1,2171,1,0
3463,"Sohn, Byungcherl Charlie",University of Macau,1159,1,1611,1,2171,1,0
5186,"Solomon, Aris",Athabasca University,1159,1,1611,1,2171,1,0
5185,"Solomon, Jill F.",University of Reading,1159,1,1611,1,2171,1,0
5140,"Son, Myungsoo",California State University Fullerton,1159,1,1611,1,2171,1,0
3396,"Song, Chang Joon",Sungkyunkwan University,1159,1,1611,1,2171,1,0
3780,"Song, Hakjoon",University of Akron,1159,1,1611,1,2171,1,0
3317,"Sonti, Ramana",Indian School of Business,1159,1,1611,1,2171,1,0
2639,"Spear, Nasser A.",University of Melbourne,1159,1,1611,1,1070,3,0
5412,"Spence, Crawford",University of Warwick,1159,1,1611,1,2171,1,0
5532,"Spence, Laura J.","Royal Holloway, University of London",1159,1,1611,1,2171,1,0
4409,"Spencer, Angela Wheeler",Oklahoma State University,1159,1,1611,1,2171,1,0
287,"Spilker, Brian C.",Brigham Young University,1159,1,1047,2,446,7,0
1269,"Sridharan, Sri (Swaminath",Northwestern University,1159,1,286,6,153,12,0
3264,"Sridharan, VG",Deakin University,1159,1,1611,1,2171,1,0
2248,"Srinivasan, Dhinu",University of Pittsburgh,1159,1,1611,1,1070,3,0
5278,"Stadler, Christian",Lancaster University,1159,1,1611,1,2171,1,0
942,"Stammerjohan, William W.",Louisiana Tech University,1159,1,1047,2,1070,3,0
4456,"Stanfield, Jason",Purdue University,1159,1,1611,1,2171,1,0
1554,"Stanford, Mary S.",Texas Christian University,1159,1,547,4,301,9,0
4414,"Stapleton, Pam",University of Manchester,1159,1,1611,1,2171,1,0
5499,"Steele, Logan B.",University of Connecticut,1159,1,1611,1,2171,1,0
2188,"Stein, Michael T.",Old Dominion University,1159,1,393,5,301,9,0
5089,"Stewart, Trevor R",Retired or Emeritus,1159,1,1611,1,2171,1,0
3398,"Stoel, M. Dale",Miami University,1159,1,1611,1,2171,1,0
5500,"Stomberg, Bridget",University of Georgia,1159,1,1611,1,2171,1,0
16,"Stone, Mary S.",University of Alabama,1159,1,1047,2,543,6,0
3309,"Strausz, Roland",Humboldt-Universitat zu Berlin,1159,1,1611,1,2171,1,0
5362,"Strobl, GÃ¼nter",Frankfurt School of Finance and Management,1159,1,1611,1,2171,1,0
3150,"Stulz, Rene M",The Ohio State University,1159,1,1611,1,2171,1,0
5436,"Subrahmanyam, Avanidhar","University of California, Los Angeles",1159,1,1611,1,2171,1,0
5486,"Sudbury, Austin",Carnegie Mellon University,1159,1,1611,1,2171,1,0
1988,"Suddaby, Roy",University of Victoria (Canada),1159,1,1047,2,1462,2,0
3540,"Suh, Ikseon",Marquette University,1159,1,1611,1,2171,1,0
2563,"Suijs, Jeroen",Tilburg University,1159,1,752,3,1070,3,0
281,"Summers, Scott L.",Brigham Young University,1159,1,1047,2,833,4,0
3287,"Sun, Jerry",University of Windsor,1159,1,1611,1,2171,1,0
3399,"Sun, Sunny Y. J.",Hong Kong Polytechnic University,1159,1,1611,1,2171,1,0
2937,"Sunder, Shyam V.",University of Arizona,1159,1,547,4,833,4,0
5417,"Sundgren, Stefan",University of Vaasa,1159,1,1611,1,2171,1,0
5418,"SvanstrÃ¸m, Tobias",BI Norwegian Business School,1159,1,1611,1,2171,1,0
1992,"Swaminathan, Bhaskaran",Practice,1159,1,1611,1,1462,2,0
1997,"Taffler, Richard J.",University of Warwick,1159,1,752,3,1070,3,0
5462,"Tahoun, Ahmed",London Business School,1159,1,1611,1,2171,1,0
4452,"Tama-sweet, Isho",California State University Fullerton,1159,1,1611,1,2171,1,0
505,"Tan, Christine E. L.",Fordham University,1159,1,1047,2,1070,3,0
5103,"Tan, Liang",George Washington University,1159,1,1611,1,2171,1,0
1124,"Tan, Patricia Mui-Siang",Nanyang Technological University,1159,1,1047,2,1070,3,0
5530,"Tan, Zhiyuan (Simon)",King`s College London,1159,1,1611,1,2171,1,0
5403,"Tang, Fengchun",Virginia Commonwealth University,1159,1,1611,1,2171,1,0
4460,"Tang, Guliang",University of International Business and Economics,1159,1,1611,1,2171,1,0
4470,"Tang, Tanya Y. H.",University of British Columbia - Okanagan,1159,1,1611,1,2171,1,0
5519,"Tanlu, Lloyd J.",University of Washington,1159,1,1611,1,2171,1,0
5723,"Tanner, Cynthia D.",West Virginia University,1159,1,1611,1,2171,1,0
5542,"Tanyi, Paul N.",University of Nebraska-Lincoln,1159,1,1611,1,2171,1,0
1161,"Tate, Stefanie L.",University of Massachusetts Lowell,1159,1,1047,2,1462,2,0
3071,"Taylor, Eileen Z.",North Carolina State University,1159,1,1047,2,1462,2,0
17,"Taylor, Gary",University of Alabama,1159,1,1047,2,1070,3,0
5196,"Taylor, Paul A",Lancaster University,1159,1,1611,1,2171,1,0
1190,"Taylor, Stephen L.",University of Technology Sydney,1159,1,1047,2,1070,3,0
3781,"Taylor, Stuart D.",UNSW Sydney,1159,1,1611,1,2171,1,0
3072,"Tegarden, David P.",Virginia Tech,1159,1,1611,1,1462,2,0
849,"Terando, William D.",Butler University,1159,1,1611,1,1070,3,0
2470,"Thevaranjan, Alex",Syracuse University,1159,1,1047,2,1462,2,0
2007,"Thirumalai, Ramabhadran S",Indian School of Business,1159,1,1611,1,2171,1,0
3402,"Thoma, Stephen J.",University of Alabama,1159,1,1611,1,2171,1,0
5598,"Thomsen, Martin",University of Muenster,1159,1,1611,1,2171,1,0
4769,"Thomson, Ian",University of Strathclyde in Glasgow,1159,1,1611,1,2171,1,0
2929,"Thorne, Linda",York University,1159,1,547,4,543,6,0
3433,"Thornton, John",Azusa Pacific University,1159,1,1611,1,2171,1,0
5094,"Tian, Feng",University of Hong Kong,1159,1,1611,1,2171,1,0
4401,"Tian, Yao",San Jose State University,1159,1,1611,1,2171,1,0
939,"Tiras, Samuel L.",Louisiana State University,1159,1,752,3,833,4,0
2016,"Toms, J. Steven",University of Leeds,1159,1,752,3,833,4,0
5437,"Tong, Qing",Singapore Management University,1159,1,1611,1,2171,1,0
5603,"Towery, Erin M.",University of Georgia,1159,1,1611,1,2171,1,0
5537,"Tregidga, Helen",Auckland University of Technology,1159,1,1611,1,2171,1,0
2375,"Trezevant, Robert H.",University of Southern California,1159,1,752,3,230,10,0
2021,"Triantis, Alexander",University of Maryland,1159,1,1611,1,2171,1,0
70,"Trombley, Mark A.",Deceased,1159,1,1047,2,543,6,0
2680,"Trueman, Brett","University of California, Los Angeles",1159,1,547,4,230,10,0
3010,"Tryggestad, Kjell",Copenhagen Business School,1159,1,1611,1,2171,1,0
2023,"Tsai, Chih-Ling","University of California, Davis",1159,1,1611,1,2171,1,0
2595,"Tsay, Jeffrey J.",University of Texas at Arlington,1159,1,1611,1,1462,2,0
5073,"Tuck, Penelope",University of Birmingham,1159,1,1611,1,2171,1,0
2127,"Turel, Ofir",California State University Fullerton,1159,1,1611,1,2171,1,0
5606,"Twedt, Brady J.",Indiana University Bloomington,1159,1,1611,1,2171,1,0
5112,"Ulmer, Jackie Rees",Purdue University,1159,1,1611,1,2171,1,0
2029,"Umashanker Trivedi, Viswa",York University,1159,1,1047,2,1462,2,0
3155,"Unlu, Emre",University of Nebraska-Lincoln,1159,1,1611,1,2171,1,0
5144,"Vaassen, Eddy H. J.",Tilburg University,1159,1,1611,1,2171,1,0
512,"Vafeas, Nicos",University of Cyprus,1159,1,752,3,833,4,0
5720,"Vaidya, Jaideep","Rutgers, The State University of New Jersey",1159,1,1611,1,2171,1,0
5405,"Valacich, Joseph S.",University of Arizona,1159,1,1611,1,2171,1,0
4078,"Valencia, Adrian",Florida Gulf Coast University,1159,1,1611,1,2171,1,0
2033,"Valentine, Sean",University of North Dakota,1159,1,1047,2,1462,2,0
5543,"van Buuren, Joost",Nyenrode Business University,1159,1,1611,1,2171,1,0
5220,"Van Caneghem, Tom",Catholic (Katholieke) University of Leuven,1159,1,1611,1,2171,1,0
3661,"Van de Poel, Katrien",Practice,1159,1,1611,1,2171,1,0
2034,"van der Meer-Kooistra, Jeltje",University of Groningen,1159,1,1047,2,1070,3,0
4582,"van Dijk, Mathijs A.",Erasmus University Rotterdam,1159,1,1611,1,2171,1,0
5544,"van Nieuw Amerongen, Niels",Nyenrode Business University,1159,1,1611,1,2171,1,0
4479,"van Praag, Bart",Practice,1159,1,1611,1,2171,1,0
5402,"Vansant, Brian",Auburn University,1159,1,1611,1,2171,1,0
5435,"Vashishtha, Rahul",Duke University,1159,1,1611,1,2171,1,0
5133,"Veenstra, Kevin",McMaster University,1159,1,1611,1,2171,1,0
3479,"Velez, Maria L.",Not Found,1159,1,1611,1,2171,1,0
4450,"Veliyath, Rajaram",Kennesaw State University,1159,1,1611,1,2171,1,0
491,"Velthuis, Louis",Johannes Gutenberg Universitat Mainz,1159,1,1611,1,2171,1,0
2041,"Venkataraman, Kumar",Southern Methodist University,1159,1,1047,2,1462,2,0
4533,"Venkatesh, Roopa",University of Nebraska-Omaha,1159,1,1611,1,2171,1,0
3249,"Venkateswaran, Anand",Northeastern University,1159,1,1611,1,2171,1,0
5716,"Venturini, Sergio",Bocconi University,1159,1,1611,1,2171,1,0
2044,"Vesey, Andrew M.",Practice,1159,1,1611,1,2171,1,0
2521,"Viator, Ralph E.",Texas Tech University,1159,1,547,4,230,10,0
2264,"Viger, Chantal",University of Quebec at Montreal,1159,1,1611,1,2171,1,0
5521,"Vincent, James D.",University of Florida,1159,1,1611,1,2171,1,0
3148,"Vissing-Jorgensen, Annett",Northwestern University,1159,1,1611,1,2171,1,0
2935,"Vosselman, Ed G. J.",Radboud University Nijmegen,1159,1,1611,1,1462,2,0
2737,"Wagenhofer, Alfred",University of Graz,1159,1,752,3,833,4,0
3549,"Wagner, Joachim",Not Found,1159,1,1611,1,2171,1,0
5612,"Wahid, Aida Sijamic",University of Toronto,1159,1,1611,1,2171,1,0
5279,"Wainberg, James S",University of Waterloo,1159,1,1611,1,2171,1,0
108,"Wakefield, Robin L.",Baylor University,1159,1,1611,1,2171,1,0
3257,"Waldrup, Bobby E.",Loyola University Maryland,1159,1,1611,1,2171,1,0
2914,"Walker, Kenton B.",University of Wyoming,1159,1,1611,1,833,4,0
5204,"Walker, Thomas",Concordia University - Montreal,1159,1,1611,1,2171,1,0
3526,"Wallace, Linda G.",Virginia Tech,1159,1,1611,1,2171,1,0
2682,"Wallage, Philip",University of Amsterdam,1159,1,1611,1,1462,2,0
2159,"Wallin, David E.",The Ohio State University,1159,1,1047,2,301,9,0
5586,"Walter, Terry",University of Sydney,1159,1,1611,1,2171,1,0
2471,"Walters, Melissa",University of Tampa,1159,1,1047,2,1462,2,0
5170,"Wang, Charles C.Y.",Harvard University,1159,1,1611,1,2171,1,0
5097,"Wang, Chuan-San",National Taiwan University,1159,1,1611,1,2171,1,0
4583,"Wang, Cong",Chinese University of Hong Kong,1159,1,1611,1,2171,1,0
3561,"Wang, Jeff J.",Not Found,1159,1,1611,1,2171,1,0
3079,"Wang, Jing",University of New Hampshire,1159,1,1611,1,2171,1,0
5610,"Wang, Kevin Q.",University of Toronto,1159,1,1611,1,2171,1,0
2055,"Wang, Pengguo",University of Exeter,1159,1,1047,2,1462,2,0
5456,"WANG, RENCHENG",University of Queensland,1159,1,1611,1,2171,1,0
4588,"Wang, Rong",Singapore Management University,1159,1,1611,1,2171,1,0
5721,"Wang, Shengbin",North Carolina A&T State University,1159,1,1611,1,2171,1,0
2376,"Wang, Shiing-wu",University of Southern California,1159,1,1047,2,230,10,0
2057,"Wang, Tracy Yue",University of Minnesota,1159,1,1611,1,2171,1,0
5609,"Wang, Xiaolu",Iowa State University,1159,1,1611,1,2171,1,0
1684,"Wang, Xue (Finance)",Renmin University of China,1159,1,1611,1,2171,1,0
4403,"Wang, Zitian",Not Found,1159,1,1611,1,2171,1,0
5630,"Warkentin, Merrill",Mississippi State University,1159,1,1611,1,2171,1,0
5510,"Watanabe, Olena",Iowa State University,1159,1,1611,1,2171,1,0
5596,"Watrin, Christoph",University of Muenster,1159,1,1611,1,2171,1,0
3261,"Watson, Marcia Weidenmier",Mississippi State University,1159,1,547,4,833,4,0
570,"Waymire, Gregory",Emory University,1159,1,752,3,197,11,0
4443,"Wechtler, Heidi",Not Found,1159,1,1611,1,2171,1,0
5102,"Weisbrod, Eric",University of Miami,1159,1,1611,1,2171,1,0
5264,"Weiss, Jane M.",University of Idaho,1159,1,1611,1,2171,1,0
3695,"Wen, He (Jennifer)",University of Missouri- St. Louis,1159,1,1611,1,2171,1,0
2066,"Wen, Xiaoyan",University of Illinois at Chicago,1159,1,1047,2,1462,2,0
3777,"Wen, Yuan",State University of New York at New Paltz,1159,1,1611,1,2171,1,0
1524,"Werner, Robert H.",Deceased,1159,1,1611,1,2171,1,0
4497,"Westermann, Kimberly",Florida International University,1159,1,1611,1,2171,1,0
2071,"Whaley, Robert E.",Vanderbilt University,1159,1,1611,1,2171,1,0
5513,"Whipple, Benjamin C.",University of Georgia,1159,1,1611,1,2171,1,0
3082,"White, John H",University of Denver,1159,1,1611,1,2171,1,0
5439,"White, Joshua T.",University of Georgia,1159,1,1611,1,2171,1,0
2387,"White, Richard A.",University of South Carolina,1159,1,752,3,446,7,0
3684,"Whittington, Richard",University of Oxford,1159,1,1611,1,2171,1,0
5545,"Whitworth, James D.",University of South Florida,1159,1,1611,1,2171,1,0
2565,"Wielhouwer, Jacco L.",Vrije (VU) University Amsterdam,1159,1,752,3,1070,3,0
2824,"Wiersma, Eelke",Vrije (VU) University Amsterdam,1159,1,1611,1,2171,1,0
4528,"Wiesche, Manuel",Technical University Munich,1159,1,1611,1,2171,1,0
5523,"Wilde, Jaron H.",University of Iowa,1159,1,1611,1,2171,1,0
2083,"Wilderom, Celeste",University of Twente,1159,1,1611,1,2171,1,0
4486,"Wilford, Amanda L.",Southern Utah University,1159,1,1611,1,2171,1,0
5275,"Williams, James W.",York University,1159,1,1611,1,2171,1,0
5364,"Williams, Jared",Pennsylvania State University,1159,1,1611,1,2171,1,0
3036,"Willis, Veronda",University of Texas at Tyler,1159,1,1611,1,2171,1,0
2088,"Willmott, Hugh",Cardiff University,1159,1,752,3,446,7,0
3959,"Willson, Victor L.",Texas A&M University,1159,1,1611,1,2171,1,0
2401,"Wilson, Wendy M.",Texas Christian University,1159,1,1047,2,1462,2,0
3407,"Winchel, Jennifer",University of Virginia,1159,1,1611,1,2171,1,0
687,"Windsor, Carolyn A.",Bond University,1159,1,1611,1,1070,3,0
5520,"Winn, Amanda",University of Illinois at Urbana-Champaign,1159,1,1611,1,2171,1,0
3230,"Wisner, Priscilla S.",University of Tennessee Knoxville,1159,1,1611,1,2171,1,0
5440,"Woidtke, Tracie",University of Tennessee Knoxville,1159,1,1611,1,2171,1,0
3408,"Wollscheid, Jim R.",University of Arkansas Fort Smith,1159,1,1611,1,2171,1,0
1158,"Wong, Jeffrey","University of Nevada, Reno",1159,1,1047,2,1462,2,0
2766,"Wong, M. H. Franco",University of Toronto,1159,1,286,6,301,9,0
3516,"Wood, David",Harvard University,1159,1,1611,1,2171,1,0
1974,"Woodland, Angela",Montana State University,1159,1,1611,1,2171,1,0
4412,"Woods, Alexander",College of William & Mary,1159,1,1611,1,2171,1,0
3203,"Woods, Margaret",Aston University Birmingham,1159,1,1611,1,2171,1,0
2096,"Worthington, Frank",Newcastle University,1159,1,1047,2,1462,2,0
5643,"Wu, Jia",University of Massachusetts Dartmouth,1159,1,1611,1,2171,1,0
3410,"Wu, Jin (Ginger)",Not Found,1159,1,1611,1,2171,1,0
3108,"Wu, Min",Hong Kong University of Science and Technology,1159,1,1611,1,2171,1,0
5615,"Wu, Shu-Ling",National Taiwan University,1159,1,1611,1,2171,1,0
4579,"Wu, Steve Y.C.",University of Hong Kong,1159,1,1611,1,2171,1,0
392,"Wu, Woody",Chinese University of Hong Kong,1159,1,547,4,833,4,0
2475,"Wyatt, Anne",University of Queensland,1159,1,1047,2,1462,2,0
2105,"Xia, Lijun",Shanghai Jiao Tong University (China),1159,1,1611,1,2171,1,0
5622,"Xia, Weidong",Florida International University,1159,1,1611,1,2171,1,0
342,"Xiao, Jason Zezhong",Cardiff University,1159,1,1047,2,1462,2,0
4584,"Xie, Fei",Clemson University,1159,1,1611,1,2171,1,0
2573,"Xie, Yuan",Fordham University,1159,1,1047,2,1462,2,0
1162,"Xu, Le Emily",University of New Hampshire,1159,1,1611,1,2171,1,0
3280,"Xu, Ming (Mindy)",Hong Kong Polytechnic University,1159,1,1611,1,2171,1,0
3411,"Xu, Weihong",State University of New York at Buffalo,1159,1,1611,1,2171,1,0
2109,"Xu, Xiaoqun",Christopher Newport University,1159,1,1611,1,2171,1,0
5539,"Xu, Yang",University of Colorado - Colorado Springs,1159,1,1611,1,2171,1,0
5575,"Xu, Yexiao",University of Texas at Dallas,1159,1,1611,1,2171,1,0
2189,"Xu, Yin",Old Dominion University,1159,1,1047,2,1462,2,0
731,"Xue, Jian",Tsinghua University (Beijing),1159,1,1611,1,2171,1,0
5602,"Yan, Meng",Fordham University,1159,1,1611,1,2171,1,0
3156,"Yan, Xuemin (Sterling)",University of Missouri,1159,1,1611,1,2171,1,0
4574,"Yang, Holly I.",Singapore Management University,1159,1,1611,1,2171,1,0
3502,"Yang, Jing",Practice,1159,1,1611,1,2171,1,0
1035,"Yang, Joon S.",Sogang University,1159,1,1047,2,1462,2,0
5141,"Yang, Rong",Rochester Insitute of Technology,1159,1,1611,1,2171,1,0
4172,"Yang, Yaâ€wen",Wake Forest University,1159,1,1611,1,2171,1,0
2112,"Yao, Tong",University of Iowa,1159,1,1611,1,2171,1,0
2684,"Ye, Ping",Not Found,1159,1,1611,1,2171,1,0
4413,"Yee, Helen",Centennial College,1159,1,1611,1,2171,1,0
4514,"Yeh, Chia-Lun",Not Found,1159,1,1611,1,2171,1,0
1137,"Yeh, Shu",National Taiwan University,1159,1,752,3,1070,3,0
4522,"Yeow, Pamela",University of Kent,1159,1,1611,1,2171,1,0
5501,"Yin, Huifang",Shanghai University of Finance and Economics,1159,1,1611,1,2171,1,0
4477,"Yip, Rita W. Y.",Lingnan University,1159,1,1611,1,2171,1,0
5484,"Young, Chaur-Shiuh",National Cheng-Kung University (Taiwan),1159,1,1611,1,2171,1,0
1171,"Young, Joni J.",University of New Mexico,1159,1,752,3,301,9,0
2617,"Young, Steven",Lancaster University,1159,1,1047,2,1070,3,0
5676,"Yu, Chia-Feng (Jeffrey)",University of Adelaide,1159,1,1611,1,2171,1,0
1130,"Yu, Hung-Chao",National Chengchi University,1159,1,1611,1,1462,2,0
5098,"Yu, Kun",University of Massachusetts Boston,1159,1,1611,1,2171,1,0
2120,"Yu, Tong",University of Rhode Island,1159,1,1611,1,2171,1,0
4469,"Yu, Wei",Not Found,1159,1,1611,1,2171,1,0
4596,"Yu, Yangxin",City University of Hong Kong,1159,1,1611,1,2171,1,0
2122,"Yue, Heng",Peking University,1159,1,1047,2,1462,2,0
744,"Yuen, Susana",Not Found,1159,1,1611,1,1462,2,0
5504,"Yust, Christopher G.",Not Found,1159,1,1611,1,2171,1,0
4553,"Zakolyukina, Anastasia A.",University of Chicago,1159,1,1611,1,2171,1,0
1204,"Zarowin, Paul A.",New York University,1159,1,211,7,153,12,0
2126,"Zeff, Stephen A.",Rice University,1159,1,1611,1,1462,2,0
5081,"Zhang, Andrew (Jianzhong)","University of Nevada, Las Vegas",1159,1,1611,1,2171,1,0
5578,"Zhang, Bo",Renmin University of China,1159,1,1611,1,2171,1,0
3281,"Zhang, Chu",Hong Kong University of Science and Technology,1159,1,1611,1,2171,1,0
5325,"Zhang, Hao",Rochester Insitute of Technology,1159,1,1611,1,2171,1,0
5339,"Zhang, Jean X.",Virginia Commonwealth University,1159,1,1611,1,2171,1,0
3664,"Zhang, Jixun",Nankai University,1159,1,1611,1,2171,1,0
5551,"Zhang, Liandong",City University of Hong Kong,1159,1,1611,1,2171,1,0
3413,"Zhang, Lu",The Ohio State University,1159,1,1611,1,2171,1,0
3414,"Zhang, May H.",Fordham University,1159,1,1611,1,2171,1,0
5340,"Zhang, Qi",University of Leeds,1159,1,1611,1,2171,1,0
3159,"Zhang, Sanjian (William)",California State University Long Beach,1159,1,1611,1,2171,1,0
5201,"Zhang, Suning",George Mason University,1159,1,1611,1,2171,1,0
3533,"Zhang, Tianming",Florida State University,1159,1,1611,1,2171,1,0
2131,"Zhang, Yinghong",Rensselaer Polytechnic Institute,1159,1,1611,1,2171,1,0
5363,"Zhang, Yong",Hong Kong Polytechnic University,1159,1,1611,1,2171,1,0
3778,"Zhao, Wanli",Southern Illinois University,1159,1,1611,1,2171,1,0
3177,"Zhao, Yijiang","American University Washington, DC",1159,1,1611,1,2171,1,0
5590,"Zheng, Rong",Hong Kong University of Science and Technology,1159,1,1611,1,2171,1,0
5105,"Zheng, Xiaochuan",Bryant University,1159,1,1611,1,2171,1,0
5461,"Zhou, Bo",Shanghai University of Finance and Economics,1159,1,1611,1,2171,1,0
4484,"Zhou, Flora H",Georgia State University,1159,1,1611,1,2171,1,0
2461,"Zhou, Jian",University of Hawaii at Manoa,1159,1,752,3,1070,3,0
5378,"Zhou, Ling",University of New Mexico,1159,1,1611,1,2171,1,0
3086,"Zhu, David X.",California State University Stanislaus,1159,1,1611,1,2171,1,0
5611,"Zhu, Julie Lei",Boston University,1159,1,1611,1,2171,1,0
5470,"Zhu, Zhenmei Judy","Fudan University, China",1159,1,1611,1,2171,1,0
886,"Ziebart, David A.",University of Kentucky,1159,1,1611,1,833,4,0
2133,"Zmud, Robert W.",Retired or Emeritus,1159,1,1611,1,2171,1,0
5313,"Zuo, Luo",Cornell University,1159,1,1611,1,2171,1,0
1281,"Aaker, David",Retired or Emeritus,2171,1,0,0,0,0,0
1237,"Abarbanell, Jeffrey S.",University of North Carolina at Chapel Hill,752,3,372,8,0,0,0
768,"Abdel-Khalik, A. Rashad",University of Illinois at Urbana-Champaign,1070,3,0,0,0,0,0
1787,"Abu-Musa, Ahmad A.",Not Found,1611,1,2171,1,0,0,0
2938,"Accola, Wilton L.",Deceased,2171,1,0,0,0,0,0
1282,"Ackert, Lucy F.",Kennesaw State University,1611,1,1070,3,0,0,0
903,"Adams, Carol A.",Monash University,2171,1,0,0,0,0,0
471,"Adams, Steven J.",Retired or Emeritus,2171,1,0,0,0,0,0
2939,"Adamson, Ian L.",Brock University,2171,1,0,0,0,0,0
1284,"Adiel, Ron",Practice,2171,1,0,0,0,0,0
398,"Adut, Davit",Christopher Newport University,1611,1,2171,1,0,0,0
1286,"Affleck-Graves, John",University of Notre Dame,1611,1,1070,3,0,0,0
2476,"Aharony, Joseph",Tel Aviv University,1462,2,0,0,0,0,0
310,"Ahlawat, Sunita S.",College of New Jersey,1611,1,1462,2,0,0,0
592,"Ajinkya, Bipin B.",Retired or Emeritus,1611,1,1462,2,0,0,0
119,"Akathaporn, Parporn",Not Found,2171,1,0,0,0,0,0
121,"Al-Tuwaijri, Sulaiman A.",Practice,1611,1,2171,1,0,0,0
8,"Albright, Thomas L.",Not Found,1611,1,1462,2,0,0,0
747,"Alciatore, Mimi L.",University of Houston,1462,2,0,0,0,0,0
1289,"Aldersley, Steve",Practice,2171,1,0,0,0,0,0
1889,"Aldhizer, George R.",Wake Forest University,1611,1,2171,1,0,0,0
859,"Alexander, Raquel M.",Washington and Lee University,752,3,1070,3,0,0,0
2226,"Alford, Andrew W.",Retired or Emeritus,833,4,0,0,0,0,0
1290,"Allan, Ronald G.",Not Found,2171,1,0,0,0,0,0
2770,"Allen, Robert D.",University of Utah,1047,2,833,4,0,0,0
120,"Allen, Steven",University of Tasmania,2171,1,0,0,0,0,0
1293,"Alm, James",Tulane University,2171,1,0,0,0,0,0
2251,"Almer, Elizabeth Dreike",Portland State University,752,3,1070,3,0,0,0
1294,"Alvesson, Mats",Lund University,1611,1,2171,1,0,0,0
2313,"Ameen, Elsie C.",Sam Houston State University,2171,1,0,0,0,0,0
2756,"Amernic, Joel H.",University of Toronto,1462,2,0,0,0,0,0
980,"Amershi, Amin H.",Not Found,1462,2,0,0,0,0,0
1295,"Amin, Kaushik I.",Practice,2171,1,0,0,0,0,0
2429,"Anctil, Regina M.",University of St. Thomas,1047,2,543,6,0,0,0
2690,"Anderson-Gough, Fiona",University of Warwick,1611,1,1462,2,0,0,0
122,"Anderson, Brenda H.",Brandeis University,1070,3,0,0,0,0,0
520,"Anderson, Don",Deceased,2171,1,0,0,0,0,0
1296,"Anderson, James C.",Northwestern University,1611,1,2171,1,0,0,0
2322,"Anderson, John C.",San Diego State University,1047,2,543,6,0,0,0
2490,"Anderson, Kenneth E.",University of Tennessee Knoxville,1070,3,0,0,0,0,0
336,"Anderson, Malcolm",Cardiff University,1611,1,2171,1,0,0,0
2547,"Anderson, Mark C.",University of Texas at Dallas,1611,1,2171,1,0,0,0
1015,"Anderson, Matthew J.",Michigan State University,1462,2,0,0,0,0,0
1297,"Anderson, Ronald C.",Temple University,1611,1,2171,1,0,0,0
1104,"Anderson, Susan E.",Elon University,1462,2,0,0,0,0,0
2522,"Anderson, Urton",University of Kentucky,1611,1,543,6,0,0,0
713,"AndrÃ©, Paul. E.",ESSEC Business School,1611,1,2171,1,0,0,0
1947,"Andros, David P.",Practice,2171,1,0,0,0,0,0
1298,"Ang, Andrew",Columbia University in the City of New York,2171,1,0,0,0,0,0
2449,"Angelini, James P.",Suffolk University,2171,1,0,0,0,0,0
1016,"Anthony, Joseph H.",Michigan State University,2171,1,0,0,0,0,0
693,"Anthony, Robert N.",Retired or Emeritus,1611,1,2171,1,0,0,0
2915,"Antle, Rick",Yale University,543,6,0,0,0,0,0
710,"Aono, June",Not Found,2171,1,0,0,0,0,0
933,"Apostolou, Nicholas G.",West Virginia University,2171,1,0,0,0,0,0
1299,"Aranya, Nissim",Not Found,1462,2,0,0,0,0,0
1300,"Argyris, Chris",Retired or Emeritus,2171,1,0,0,0,0,0
1301,"Armour, Mark",Practice,2171,1,0,0,0,0,0
1303,"Armstrong, Peter",Retired or Emeritus,1611,1,1070,3,0,0,0
2703,"Arnold, Donald F.",Retired or Emeritus,1611,1,833,4,0,0,0
2906,"Arora, Alka",University of Wisconsin-Whitewater,1611,1,2171,1,0,0,0
1100,"Arrington, C. Edward",University of Wollongong,1070,3,0,0,0,0,0
1306,"Ashkanasy, Neal M.",University of Queensland,1611,1,833,4,0,0,0
535,"Ashton, Alison Hubbard",Duke University,2171,1,0,0,0,0,0
1066,"Asquith, Paul",Massachusetts Institute of Technology,1611,1,2171,1,0,0,0
2523,"Atiase, Rowland K.",University of Texas at Austin,1047,2,833,4,0,0,0
2693,"Atkinson, Anthony A.",Retired or Emeritus,2171,1,0,0,0,0,0
556,"Austen, Lizabeth A.",Retired or Emeritus,2171,1,0,0,0,0,0
2395,"Austin, Jeffrey R.",Not Found,1462,2,0,0,0,0,0
2342,"Awasthi, Vidya",Seattle University,2171,1,0,0,0,0,0
2320,"Ayers, Susan",Not Found,1611,1,2171,1,0,0,0
1307,"Babad, Yair M.",Retired or Emeritus,2171,1,0,0,0,0,0
1308,"Babcock, Jennifer",Not Found,2171,1,0,0,0,0,0
123,"Bachar, Joseph",Practice,2171,1,0,0,0,0,0
1310,"Baglioni, A. J.",University of Virginia,2171,1,0,0,0,0,0
1986,"Bagnani, Elizabeth",Boston College,2171,1,0,0,0,0,0
2185,"Bagranoff, Nancy A.",University of Richmond,1611,1,1070,3,0,0,0
769,"Bailey, Andrew D.",Retired or Emeritus,2171,1,0,0,0,0,0
1311,"Bailey, Derek",Not Found,2171,1,0,0,0,0,0
1208,"Bain, Craig E.",Northern Arizona University,1611,1,1462,2,0,0,0
1312,"Baines, Annette",Not Found,1611,1,2171,1,0,0,0
1262,"Balachandran, Bala V.",Northwestern University,667,5,0,0,0,0,0
2941,"Baldwin, Amelia A.",University of Arkansas Fort Smith,2171,1,0,0,0,0,0
1314,"Ballas, Apostoles A.",Athens University of Economics and Business,1611,1,1462,2,0,0,0
2197,"Banyi, Monica",University of Virginia,1611,1,2171,1,0,0,0
711,"Bar-Yosef, Sasson",Bocconi University,1611,1,833,4,0,0,0
313,"Barber, Brad M.","University of California, Davis",1611,1,2171,1,0,0,0
650,"Barefield, Russell M.",Deceased,1462,2,0,0,0,0,0
124,"Bareket, Moshe",Practice,1611,1,2171,1,0,0,0
1315,"Barker, Patricia C.",Retired or Emeritus,2171,1,0,0,0,0,0
1145,"Barrett, Michael",Deceased,1047,2,1462,2,0,0,0
282,"Barrick, John A.",Brigham Young University,1047,2,1070,3,0,0,0
1317,"Basioudis, Ilias G.",Aston University Birmingham,1611,1,2171,1,0,0,0
1318,"Baskerville, Rachel F.",Victoria University of Wellington,1047,2,1462,2,0,0,0
1319,"Batista-Foguet, Joan-Manu",Esade Ramon Llull University,1611,1,2171,1,0,0,0
125,"Battistel, George P.",Not Found,2171,1,0,0,0,0,0
1226,"Bauman, Christine C.",Deceased,2171,1,0,0,0,0,0
2751,"Baxter, Jane A.",UNSW Sydney,1611,1,1070,3,0,0,0
1320,"Bazerman, Max H.",Harvard University,2171,1,0,0,0,0,0
2942,"Bazilevich, Leonid A.",Not Found,2171,1,0,0,0,0,0
255,"Bealing, William E.",Shippensburg University,1462,2,0,0,0,0,0
1321,"Beard, Victoria",University of North Dakota,2171,1,0,0,0,0,0
2733,"Beattie, Vivien A.",Lancaster University,2171,1,0,0,0,0,0
2361,"Beatty, Randolph P.",University of Southern California,2171,1,0,0,0,0,0
1322,"Becker, Connie L.",Practice,2171,1,0,0,0,0,0
2896,"Becker, D`Arcy A.",University of Wisconsin-Eau Claire,2171,1,0,0,0,0,0
1323,"Beelde, Ignace De",Ghent University,1611,1,2171,1,0,0,0
294,"Begley, Joy",University of British Columbia - Vancouver,1047,2,667,5,0,0,0
1709,"Ben-Menachem, Mordechai",Practice,1611,1,2171,1,0,0,0
2674,"Benartzi, Shlomo","University of California, Los Angeles",2171,1,0,0,0,0,0
1324,"Bennett, Mark",Not Found,1611,1,2171,1,0,0,0
1325,"Benschop, Yvonne",Radboud University Nijmegen,1611,1,2171,1,0,0,0
651,"Beresford, Dennis R.",University of Georgia,2171,1,0,0,0,0,0
836,"Berg, Joyce E.",University of Iowa,1070,3,0,0,0,0,0
1326,"Berlin, Barbara L.",Practice,2171,1,0,0,0,0,0
1013,"Bernard, Victor L.",Deceased,667,5,0,0,0,0,0
2293,"Bernardi, Richard A.",Roger Williams University,1611,1,833,4,0,0,0
1327,"Berry, Anthony",Not Found,1611,1,2171,1,0,0,0
1036,"Berryman, R. Glen",Retired or Emeritus,2171,1,0,0,0,0,0
1328,"Bhagat, Sanjai",University of Colorado at Boulder,2171,1,0,0,0,0,0
1330,"Bhattacharya, Utpal",Indiana University Bloomington,1611,1,2171,1,0,0,0
922,"Bhimani, Alnoor",London School of Economics and Political Science,1611,1,833,4,0,0,0
1067,"Bhushan, Ravi",Deceased,1070,3,0,0,0,0,0
456,"Bierman, Harold Jr.",Retired or Emeritus,2171,1,0,0,0,0,0
1331,"Bierman, Jonathan D.",Practice,2171,1,0,0,0,0,0
1332,"Bisbe, Josep",Esade Ramon Llull University,1047,2,1462,2,0,0,0
851,"Bishop, Ashton C.",Retired or Emeritus,2171,1,0,0,0,0,0
126,"Bishop, Rachel A.",Not Found,2171,1,0,0,0,0,0
1334,"Bizjak, John M.",Texas Christian University,2171,1,0,0,0,0,0
1335,"Black, Christopher",Practice,2171,1,0,0,0,0,0
279,"Black, Ervin L.",University of Oklahoma,547,4,667,5,0,0,0
1336,"Blackwell, David W.",University of Kentucky,1462,2,0,0,0,0,0
1337,"Bleck, Alexander",University of Chicago,1611,1,2171,1,0,0,0
305,"Bline, Dennis M.",Bryant University,1462,2,0,0,0,0,0
1338,"Blokdijk, Hans",Practice,1047,2,1462,2,0,0,0
1339,"Blomquist, Christopher",Practice,1611,1,2171,1,0,0,0
1340,"Bloomfield, Brian P.",Lancaster University,2171,1,0,0,0,0,0
1341,"Board, J. L. G.",Not Found,2171,1,0,0,0,0,0
48,"Boatsman, James R.",Retired or Emeritus,833,4,0,0,0,0,0
1344,"Bockus, Keith",Practice,2171,1,0,0,0,0,0
1342,"Boden, Rebecca",University of Roehampton,2171,1,0,0,0,0,0
551,"Bodnar, Gordon M.",Johns Hopkins University,1462,2,0,0,0,0,0
2785,"Boer, Germain",Vanderbilt University,2171,1,0,0,0,0,0
1343,"Bogetoft, Peter",Copenhagen Business School,2171,1,0,0,0,0,0
1345,"Boland, Lawrence A.",Retired or Emeritus,2171,1,0,0,0,0,0
1346,"Bolton, Patrick",Columbia University in the City of New York,1611,1,2171,1,0,0,0
1347,"Bonett, Douglas G.",Not Found,2171,1,0,0,0,0,0
399,"Booker, Donna M.",Not Found,1047,2,1462,2,0,0,0
1348,"Booth, Peter",University of Technology Sydney,1047,2,1462,2,0,0,0
899,"Borkowski, Susan C.",La Salle University,1462,2,0,0,0,0,0
1349,"Boschen, John F.",College of William & Mary,1611,1,2171,1,0,0,0
1164,"Bougen, Philip D.",University of New Mexico,1070,3,0,0,0,0,0
1350,"Bourn, Michael",Not Found,2171,1,0,0,0,0,0
2945,"Bovee, Matthew",Practice,1047,2,1462,2,0,0,0
1352,"Boykin, Raymond F.",Virginia State University,2171,1,0,0,0,0,0
1241,"Boynton, Charles E.",Retired or Emeritus,2171,1,0,0,0,0,0
27,"Brackney, Kennard S.",Appalachian State University,2171,1,0,0,0,0,0
976,"Bradbury, Michael E.",Massey University Albany,2171,1,0,0,0,0,0
1626,"Bradford, Marianne",North Carolina State University,752,3,1070,3,0,0,0
1109,"Branson, Bruce C.",North Carolina State University,833,4,0,0,0,0,0
349,"Braun, Karen Wilken",Case Western Reserve University,2171,1,0,0,0,0,0
2341,"Braun, Robert L.",Southeastern Louisiana University,2171,1,0,0,0,0,0
1353,"Brennan, Tim","University of Maryland, Baltimore County",2171,1,0,0,0,0,0
4292,"Brewer, Peter C.",Wake Forest University,1611,1,2171,1,0,0,0
350,"Bricker, Robert",Not Found,1611,1,667,5,0,0,0
1354,"Brickley, James A.",University of Rochester,1070,3,0,0,0,0,0
1195,"Brief, Richard P.",Retired or Emeritus,2171,1,0,0,0,0,0
1176,"Briers, Michael L.",Not Found,1070,3,0,0,0,0,0
1355,"Brocheler, Vera",Practice,1611,1,2171,1,0,0,0
1165,"Brody, Richard G.",University of New Mexico,2171,1,0,0,0,0,0
923,"Bromwich, Michael",London School of Economics and Political Science,2171,1,0,0,0,0,0
1356,"Brous, Peter",Seattle University,2171,1,0,0,0,0,0
2948,"Brown, Carol E.",Retired or Emeritus,2171,1,0,0,0,0,0
771,"Brown, Clifton E.",University of Illinois at Urbana-Champaign,833,4,0,0,0,0,0
2949,"Brown, Darrell L.",Portland State University,1611,1,1462,2,0,0,0
1357,"Brown, Grant A.",Practice,2171,1,0,0,0,0,0
1358,"Brown, J. Randall",Not Found,2171,1,0,0,0,0,0
1359,"Brown, John L.",Retired or Emeritus,2171,1,0,0,0,0,0
127,"Brownell, Peter",Deceased,833,4,0,0,0,0,0
2803,"Brozovsky, John A.",Virginia Tech,1462,2,0,0,0,0,0
1360,"Brunnermeier, Markus",Princeton University,2171,1,0,0,0,0,0
1775,"Bruns, Sharon M.",Northeastern University,2171,1,0,0,0,0,0
1254,"Bruns, Williams J.",Retired or Emeritus,2171,1,0,0,0,0,0
1361,"Brunsson, Nils",Uppsala University,1462,2,0,0,0,0,0
128,"Bruton, Carol M.",Not Found,2171,1,0,0,0,0,0
2842,"Bryan, Stephen H.",Fordham University,2171,1,0,0,0,0,0
2691,"Bryer, Rob",University of Warwick,1047,2,543,6,0,0,0
1111,"Buckless, Frank A.",North Carolina State University,1462,2,0,0,0,0,0
1363,"Budde, Joerg",University of Bonn,1611,1,1462,2,0,0,0
1364,"Buehner, Marc",Cardiff University,1611,1,2171,1,0,0,0
1365,"Bukh, P. N. D.",Not Found,2171,1,0,0,0,0,0
2655,"Burgstahler, David C.",University of Washington,547,4,372,8,0,0,0
2951,"Burke, Kimberly Gladden",Millsaps College,2171,1,0,0,0,0,0
400,"Burns, David C.",University of Cincinnati,2171,1,0,0,0,0,0
2516,"Burns, Jane O.",Retired or Emeritus,2171,1,0,0,0,0,0
2633,"Burrows, Geoff",Retired or Emeritus,2171,1,0,0,0,0,0
2587,"Butler, Janet B.",Texas State University,2171,1,0,0,0,0,0
1368,"Butler, Kirt C.",Michigan State University,2171,1,0,0,0,0,0
1369,"Butler, Marty",Practice,1047,2,1462,2,0,0,0
129,"Butler, Stephen A.",University of South Dakota,1462,2,0,0,0,0,0
1370,"Byrd, John W.",University of Colorado Denver,2171,1,0,0,0,0,0
2254,"Cain, Carol (Anilowski)",Wake Forest University,1611,1,2171,1,0,0,0
627,"Cairney, Timothy",Georgia Southern University,1611,1,2171,1,0,0,0
6,"Calderon, Thomas G.",University of Akron,1611,1,1462,2,0,0,0
2331,"Calegari, Michael J.",Santa Clara University,667,5,0,0,0,0,0
1372,"Calomme, Guy J.",Practice,2171,1,0,0,0,0,0
489,"Campbell, Annhenrie",California State University Stanislaus,2171,1,0,0,0,0,0
529,"Campbell, David R.",Not Found,1611,1,1462,2,0,0,0
2933,"Campbell, Terry L.",Indiana University Bloomington,2171,1,0,0,0,0,0
696,"Caplan, Dennis H.",University at Albany – State University of New York,1462,2,0,0,0,0,0
1375,"Cardinal, Laura B.",University of Houston,2171,1,0,0,0,0,0
1377,"Carlile, Paul",Boston University,2171,1,0,0,0,0,0
916,"Carnes, Gregory A.",University of North Alabama,1070,3,0,0,0,0,0
117,"Carnes, Thomas A.",Berry College,1611,1,2171,1,0,0,0
2340,"Carpenter, Brian W.",University of Scranton,1070,3,0,0,0,0,0
130,"Carpenter, Vivian L.",Practice,1462,2,0,0,0,0,0
1379,"Carruth, J. Harvey",Practice,2171,1,0,0,0,0,0
1380,"Carruthers, Bruce G.",Northwestern University,1462,2,0,0,0,0,0
131,"Cavalluzzo, Ken S.",Practice,1611,1,1462,2,0,0,0
2379,"Caylor, Marcus L.",Kennesaw State University,1611,1,2171,1,0,0,0
1381,"Chalmers, Keryn",Monash University,1611,1,2171,1,0,0,0
762,"Chalos, Peter",Not Found,1611,1,833,4,0,0,0
295,"Chamberlain, Sandra L.",University of British Columbia - Vancouver,1047,2,833,4,0,0,0
1382,"Chan, Derek K.",University of Hong Kong,1611,1,1070,3,0,0,0
1483,"Chan, Siew H.",Nova Southeastern University,1611,1,2171,1,0,0,0
1383,"Chan, Wesley S.",Practice,1611,1,2171,1,0,0,0
981,"Chan, Yee-Ching Lilian",McMaster University,2171,1,0,0,0,0,0
1384,"Chan, Yoke Kai",Singapore University of Social Sciences,2171,1,0,0,0,0,0
530,"Chandar, Nandini",Rider University,1611,1,1462,2,0,0,0
772,"Chandler, John S.",University of Illinois at Urbana-Champaign,2171,1,0,0,0,0,0
337,"Chandler, Roy A.",Cardiff University,1611,1,2171,1,0,0,0
1792,"Chandra, Akhilesh",University of Akron,1611,1,2171,1,0,0,0
2769,"Chandra, Ramesh",Retired or Emeritus,833,4,0,0,0,0,0
2454,"Chandra, Uday",University at Albany – State University of New York,2171,1,0,0,0,0,0
1385,"Chang, Ai-Mei",University of Maryland University College,2171,1,0,0,0,0,0
2323,"Chang, C. Janie",San Diego State University,1047,2,1070,3,0,0,0
488,"Chang, Otto H.",Purdue University Fort Wayne,1462,2,0,0,0,0,0
133,"Chang, Stanley Y.",Not Found,2171,1,0,0,0,0,0
2953,"Chao, Joseph C.",Practice,2171,1,0,0,0,0,0
2274,"Chase, Bruce W.",Radford University,2171,1,0,0,0,0,0
1143,"Chen, Andrew H.",Retired or Emeritus,2171,1,0,0,0,0,0
1386,"Chen, Chung",Not Found,2171,1,0,0,0,0,0
1387,"Chen, Ken Y.",National Taiwan University,1611,1,2171,1,0,0,0
735,"Cheng, Peter",Not Found,1462,2,0,0,0,0,0
397,"Cheon, Youngsoon Susan",Chung-Ang University,1462,2,0,0,0,0,0
1391,"Cheramy, Shirley J.",Practice,2171,1,0,0,0,0,0
1392,"Cherian, Joseph",Loyola University Chicago,2171,1,0,0,0,0,0
1965,"Cherrington, J. Owen",Deceased,1462,2,0,0,0,0,0
736,"Cheung, Joseph K.",Deceased,1070,3,0,0,0,0,0
134,"Chewning, Eugene G.",Not Found,1611,1,667,5,0,0,0
1393,"Chi, Michelene",Arizona State University,2171,1,0,0,0,0,0
1394,"Chia, Yew Ming",University of Edinburgh,2171,1,0,0,0,0,0
135,"Chilton, Robert C.",Not Found,2171,1,0,0,0,0,0
2343,"Chipalkatti, Niranjan",Seattle University,1611,1,2171,1,0,0,0
888,"Cho, Jang Youn",Hankuk University of Foreign Studies,2171,1,0,0,0,0,0
978,"Choi, Byeonghee (Ben)",Retired or Emeritus,2171,1,0,0,0,0,0
1396,"Choi, Jae Hwa",Dankook University,2171,1,0,0,0,0,0
692,"Choi, Sung K.",Not Found,2171,1,0,0,0,0,0
136,"Choi, Won W.",Yonsei University,2171,1,0,0,0,0,0
2611,"Choi, Young-Soo",Sungkyunkwan University,1047,2,1462,2,0,0,0
1178,"Chong, Kar Ming",UNSW Sydney,1611,1,2171,1,0,0,0
2825,"Chong, Vincent K.",University of Western Australia,1611,1,1462,2,0,0,0
2326,"Choo, Frederick",San Francisco State University,1070,3,0,0,0,0,0
1398,"Chow, Lynne",Not Found,2171,1,0,0,0,0,0
2705,"Choy, Amy K.",University of Alberta,1611,1,2171,1,0,0,0
1228,"Christ, Leroy F.",University of Northern Iowa,2171,1,0,0,0,0,0
1229,"Christ, Mary York",University of Northern Iowa,2171,1,0,0,0,0,0
1090,"Christensen, Anne L.",Montana State University,1070,3,0,0,0,0,0
2652,"Christensen, John","University of Southern Denmark, Odense",1611,1,1070,3,0,0,0
50,"Christian, Charles W.",Retired or Emeritus,1070,3,0,0,0,0,0
946,"Christie, Andrew A.",Louisiana State University,1462,2,0,0,0,0,0
1778,"Christie, Nancy L.",Not Found,2171,1,0,0,0,0,0
1400,"Chtourou, Sonda Marrakchi",Not Found,1611,1,2171,1,0,0,0
2954,"Chu, Pai-Cheng",The Ohio State University,2171,1,0,0,0,0,0
2204,"Chung, Kwang-Hyun",Pace University,2171,1,0,0,0,0,0
1401,"Chung, Richard",Griffith University,1611,1,2171,1,0,0,0
1166,"Chwastiak, Michele",University of New Mexico,1462,2,0,0,0,0,0
1402,"Citron, David B.",City University London (Bayes Business School),1611,1,2171,1,0,0,0
2956,"Clark, Ronald L.",Retired or Emeritus,2171,1,0,0,0,0,0
1403,"Cleary, Richard",Babson College,1611,1,2171,1,0,0,0
2957,"Clements, Curtis E.",Abilene Christian University,2171,1,0,0,0,0,0
94,"Clinch, Greg",University of Melbourne,1047,2,301,9,0,0,0
1221,"Clinton, B. Douglas",Northern Illinois University,2171,1,0,0,0,0,0
2804,"Cloyd, C. Bryan",Virginia Tech,547,4,197,11,0,0,0
993,"Clute, Ronald C.",Practice,2171,1,0,0,0,0,0
2958,"Coalter, Terry M.",Northwest Missouri State University,2171,1,0,0,0,0,0
1406,"Coase, Ronald H.",Deceased,2171,1,0,0,0,0,0
1160,"Cocco, Anthony F.",Retired or Emeritus,2171,1,0,0,0,0,0
2796,"Coffman, Edward N.",Retired or Emeritus,2171,1,0,0,0,0,0
419,"Colbert, Gary J.",University of Colorado Denver,1462,2,0,0,0,0,0
1407,"Coles, Jeffrey L.",Retired or Emeritus,1611,1,1462,2,0,0,0
1408,"Coletti, Angela L.",Not Found,1611,1,2171,1,0,0,0
1409,"Colignon, Richard",Saint Louis University,2171,1,0,0,0,0,0
137,"Coller, Maribeth",Practice,752,3,543,6,0,0,0
2575,"Collins, Frank",Texas A&M  International University,1462,2,0,0,0,0,0
905,"Collins, Karen M.",Retired or Emeritus,2171,1,0,0,0,0,0
2558,"Collins, Roger",Not Found,2171,1,0,0,0,0,0
686,"Colson, Robert",Practice,2171,1,0,0,0,0,0
868,"Comerford, Sue E.",Kean University,2171,1,0,0,0,0,0
1744,"Conlon, Sumali J.",University of Mississippi,1611,1,2171,1,0,0,0
193,"Connolly, Carol J. (McNair)",Retired or Emeritus,2171,1,0,0,0,0,0
7,"Conrad, Edward J.",University of Akron,2171,1,0,0,0,0,0
1411,"Considine, Judith M.",Not Found,2171,1,0,0,0,0,0
1412,"Conyon, Martin J.",Lancaster University,1611,1,2171,1,0,0,0
2610,"Coombs, Hugh M.",University of South Wales,1611,1,2171,1,0,0,0
1415,"Coombs, Rod W.",University of Manchester,2171,1,0,0,0,0,0
1416,"Cooper, Cary L.",Lancaster University,2171,1,0,0,0,0,0
876,"Cooper, Jean C.",University of Kentucky,1070,3,0,0,0,0,0
563,"Cooper, Robin",Practice,1611,1,2171,1,0,0,0
1417,"Cooper, Stuart M.",University of Bristol,1611,1,2171,1,0,0,0
1418,"Copeland, Tom",University of San Diego,1611,1,2171,1,0,0,0
1419,"Cordery, Cindy",Not Found,2171,1,0,0,0,0,0
1420,"Cornett, Marcia Millon",Bentley University,2171,1,0,0,0,0,0
2845,"Cote, Jane M.",Washington State University,2171,1,0,0,0,0,0
714,"Cote, Louise",Not Found,1611,1,2171,1,0,0,0
2406,"Cotter, Julie",University of Southern Queensland,1047,2,1462,2,0,0,0
2739,"Coulombe, Daniel",Laval University,1611,1,1462,2,0,0,0
1421,"Coursey, Don",University of Chicago,2171,1,0,0,0,0,0
1422,"Courteau, Lucie",Free University of Bozen-Bolzano,1611,1,1462,2,0,0,0
138,"Courtenay, Stephan M.",Not Found,2171,1,0,0,0,0,0
1423,"Coutts, J. Andrew",University of Bradford,2171,1,0,0,0,0,0
1424,"Covrig, Vincentiu",California State University Northridge,1611,1,2171,1,0,0,0
1425,"Cowen, Amanda",University of Virginia,1611,1,2171,1,0,0,0
20,"Cox, Clifford T.",Deceased,2171,1,0,0,0,0,0
2959,"Coy, David",Not Found,2171,1,0,0,0,0,0
2898,"Craig, Darryl L.",Retired or Emeritus,2171,1,0,0,0,0,0
1426,"Craighead, Jane A.",Practice,1611,1,1462,2,0,0,0
2169,"Crain, Terry L.",University of Oklahoma,1462,2,0,0,0,0,0
2648,"Craswell, Allen T.",Retired or Emeritus,1611,1,1070,3,0,0,0
1427,"Crowe, John",Not Found,2171,1,0,0,0,0,0
2212,"Crum, Robert P.",Pennsylvania State University,2171,1,0,0,0,0,0
2170,"Cuccia, Andrew D.",University of Oklahoma,667,5,0,0,0,0,0
992,"Cullen, John",Mercy College,1611,1,2171,1,0,0,0
2550,"Cunningham, Reba",Retired or Emeritus,1611,1,2171,1,0,0,0
1428,"Cuny, Charles J.",Washington University in St. Louis,2171,1,0,0,0,0,0
1429,"Curtis, Emer",University of Galway,1611,1,2171,1,0,0,0
2772,"Cushing, Barry E.",Deceased,1611,1,833,4,0,0,0
1439,"d`Arcy, Anne",Vienna University of Economics and Business,2171,1,0,0,0,0,0
2707,"Daley, Lane A.",Deceased,1462,2,0,0,0,0,0
1432,"Dalton, Dan R.",Indiana University Bloomington,2171,1,0,0,0,0,0
2321,"Dalton, Thomas",University of San Diego,2171,1,0,0,0,0,0
140,"Daly, Bonita A.",Not Found,1462,2,0,0,0,0,0
1433,"Damens, Jeffrey",Practice,2171,1,0,0,0,0,0
1435,"Daniel, Patricia L.",Not Found,1611,1,2171,1,0,0,0
707,"Daniel, Shirley J.",University of Hawaii at Manoa,1462,2,0,0,0,0,0
1436,"Danielson, Morris G.",Saint Joseph`s University,1611,1,2171,1,0,0,0
1437,"Dann, Larry Y.",University of Oregon,2171,1,0,0,0,0,0
413,"Danvers, Kreag",Pennsylvania State University Behrend,1611,1,2171,1,0,0,0
1438,"Daouk, Hazem",Not Found,1611,1,2171,1,0,0,0
2962,"David, Julie Smith",Practice,2171,1,0,0,0,0,0
32,"Davidson, Ronald A.",Retired or Emeritus,543,6,0,0,0,0,0
495,"Davis-Friday, Paquita Y.",Baruch College-The City University of New York,1611,1,1462,2,0,0,0
4296,"Davis, Charles E.",Baylor University,2171,1,0,0,0,0,0
1440,"Davis, David",Retired or Emeritus,1611,1,2171,1,0,0,0
104,"Davis, Elizabeth B.",Furman University,2171,1,0,0,0,0,0
494,"Davis, Harry Z.",Baruch College-The City University of New York,2171,1,0,0,0,0,0
2862,"Davis, Jefferson T.",Weber State University,2171,1,0,0,0,0,0
21,"Davis, Michael L.",University of Alaska Fairbanks,2171,1,0,0,0,0,0
825,"Davis, Stan",Purdue University Fort Wayne,1611,1,2171,1,0,0,0
1441,"de Ruyter, Ko",Maastricht University,2171,1,0,0,0,0,0
1442,"de Villiers, Charl",University of Waikato,1611,1,2171,1,0,0,0
1443,"DeAngelo, Harry",University of Southern California,2171,1,0,0,0,0,0
2311,"DeAngelo, Linda Elizabeth",Retired or Emeritus,1070,3,0,0,0,0,0
83,"Dearman, David T.",Indiana University South Bend,1611,1,1462,2,0,0,0
685,"DeBruine, Marinus",Grand Valley State University,2171,1,0,0,0,0,0
2200,"Dechow, Niels",European Business School,1611,1,2171,1,0,0,0
1444,"Deegan, Craig",RMIT University-Royal Melbourne Institute of Technology,1611,1,2171,1,0,0,0
1445,"Degeling, Pieter",Retired or Emeritus,2171,1,0,0,0,0,0
838,"Dejong, Douglas V.",University of Iowa,2171,1,0,0,0,0,0
1446,"Delfgaauw, Tom",Practice,2171,1,0,0,0,0,0
850,"Deng, F. Johnny",California State University Sacramento,1611,1,1462,2,0,0,0
2708,"Denham, Ross",Retired or Emeritus,2171,1,0,0,0,0,0
1958,"Denna, Eric L.",Practice,2171,1,0,0,0,0,0
1449,"Dent, Jeremy F.",London Business School,1070,3,0,0,0,0,0
2922,"Dermer, Jerry",Deceased,2171,1,0,0,0,0,0
1450,"Devaraj, Sarv",University of Notre Dame,1611,1,2171,1,0,0,0
2966,"DeVries, Delwyn D.",Belmont University,1611,1,2171,1,0,0,0
1451,"Dezalay, Yves",National Center for Scientific Research,1462,2,0,0,0,0,0
414,"Dhavale, Dileep G.",Clark University,1047,2,1070,3,0,0,0
2154,"Dietrich, J. Richard",The Ohio State University,1611,1,1070,3,0,0,0
2249,"Dillard, Jesse F.",Portland State University,1047,2,1070,3,0,0,0
2967,"Dilts, David M.",Not Found,2171,1,0,0,0,0,0
1452,"Dimnik, Tony",Queen's University,1611,1,2171,1,0,0,0
1454,"Dixon, J. Robb",Boston University,2171,1,0,0,0,0,0
142,"Do, Sang Ho",Korean Management University (Keimyung University),2171,1,0,0,0,0,0
1455,"Dobbins, Paul S.",Practice,2171,1,0,0,0,0,0
1456,"Dodds, Colin",Saint Mary`s University,2171,1,0,0,0,0,0
1457,"Dolgoff, Aaron",Practice,1611,1,2171,1,0,0,0
1236,"Donnelly, David P.",University of Missouri Kansas City,1611,1,2171,1,0,0,0
1196,"Dontoh, Alex",New York University,1047,2,667,5,0,0,0
2852,"Dopuch, Nicholas",Retired or Emeritus,1047,2,197,11,0,0,0
2968,"Dorr, Patrick B.",Retired or Emeritus,1462,2,0,0,0,0,0
470,"Doucet, Mary S.",California State University Bakersfield,1462,2,0,0,0,0,0
2696,"Douglas, Alan V. S.",University of Waterloo,1611,1,2171,1,0,0,0
1458,"Downs, Thomas W.",University of Alabama,2171,1,0,0,0,0,0
1459,"Drieenhuizen, Fred",Practice,1047,2,1462,2,0,0,0
2657,"DuCharme, Larry",University of Washington,2171,1,0,0,0,0,0
1460,"Duchon, Dennis",University of Nebraska-Lincoln,2171,1,0,0,0,0,0
1461,"Dugar, Amitabh",Practice,2171,1,0,0,0,0,0
2718,"Dugdale, David",University of Bristol,1611,1,2171,1,0,0,0
2327,"Duke, Joanne C.",San Francisco State University,2171,1,0,0,0,0,0
36,"Duncan, William A.",Arizona State University,2171,1,0,0,0,0,0
1462,"Dunk, Alan S.",Not Found,1611,1,543,6,0,0,0
2970,"Dunn, Cheryl L.",Grand Valley State University,1462,2,0,0,0,0,0
2746,"Durocher, Sylvain",Ottawa University,1611,1,2171,1,0,0,0
24,"Duru, Augustine","American University Washington, DC",752,3,1070,3,0,0,0
602,"Dusenbury, Richard B.",Retired or Emeritus,667,5,0,0,0,0,0
2455,"Dutta, Saurav K.",University at Albany – State University of New York,2171,1,0,0,0,0,0
459,"Dyckman, Thomas R.",Cornell University,2171,1,0,0,0,0,0
1273,"Dyrnes, Sverre",BI Norwegian Business School,2171,1,0,0,0,0,0
143,"Dzeng, Simon C.",Not Found,2171,1,0,0,0,0,0
2332,"Eames, Michael J.",Santa Clara University,547,4,833,4,0,0,0
1464,"Easley, Robert F.",University of Notre Dame,2171,1,0,0,0,0,0
2601,"Eason, Patricia",University of Dallas,2171,1,0,0,0,0,0
1465,"Eaton, David H.",Murray State University,1611,1,2171,1,0,0,0
144,"Eccher, Elizabeth A.",Practice,2171,1,0,0,0,0,0
957,"Eddey, Peter H.",Retired or Emeritus,2171,1,0,0,0,0,0
1467,"Eden, Lorraine",Texas A&M University,2171,1,0,0,0,0,0
1468,"Edlin, Aaron S.","University of California, Berkeley",2171,1,0,0,0,0,0
1213,"Edwards, Courtney H.",University of North Carolina at Chapel Hill,1611,1,2171,1,0,0,0
1469,"Edwards, Ward",Retired or Emeritus,2171,1,0,0,0,0,0
1470,"Efferin, Sujoko",Not Found,1611,1,2171,1,0,0,0
2826,"Eggleton, Ian R. C.",Not Found,1462,2,0,0,0,0,0
2391,"Ehlen, Craig R.",University of Southern Indiana,2171,1,0,0,0,0,0
2205,"El-Gazzar, Samir M.",Pace University,833,4,0,0,0,0,0
1048,"Elam, Rick",University of Mississippi,1611,1,2171,1,0,0,0
312,"Elbannan, Mohamed",Cairo University,1611,1,2171,1,0,0,0
1098,"Elias, Nabil",University of North Carolina at Charlotte,2171,1,0,0,0,0,0
2758,"Elitzur, R. Ramy",University of Toronto,1462,2,0,0,0,0,0
1473,"Elliott, Robert K.",Practice,1611,1,1462,2,0,0,0
145,"Elnathan, Dan",College of Management Academic Studies,1462,2,0,0,0,0,0
1474,"Ely, David P.",San Diego State University,1611,1,2171,1,0,0,0
2407,"Ely, Kirsten M.",Sonoma State University,1611,1,543,6,0,0,0
1475,"Empson, Laura",City University London (Bayes Business School),1611,1,1462,2,0,0,0
2752,"Emsley, David",Not Found,1611,1,1462,2,0,0,0
940,"Englebrecht, Ted D.",Louisiana Tech University,2171,1,0,0,0,0,0
2214,"Enis, Charles R.",Pennsylvania State University,1611,1,833,4,0,0,0
2336,"Entwistle, Gary",University of Saskatchewan,2171,1,0,0,0,0,0
869,"Epps, Kathryn K.",Kennesaw State University,1611,1,2171,1,0,0,0
2832,"Espahbodi, Hassanali",University of Texas at Brownsville and Texas Southmost,1611,1,833,4,0,0,0
2833,"Espahbodi, Pouran",Retired or Emeritus,1611,1,1462,2,0,0,0
1476,"Espeland, Wendy Nelson",Northwestern University,2171,1,0,0,0,0,0
2620,"Espenlaub, Susanne",University of Manchester,1611,1,2171,1,0,0,0
2355,"Etherington, Lois Deane",Retired or Emeritus,1070,3,0,0,0,0,0
1477,"Everly, George S.",Loyola University Maryland,1462,2,0,0,0,0,0
1478,"Ewert, Ralf",University of Graz,1611,1,2171,1,0,0,0
1479,"Eynon, Gail",Not Found,2171,1,0,0,0,0,0
1481,"Fakiolas, Alexander",Practice,2171,1,0,0,0,0,0
2472,"Falk, Haim",Retired or Emeritus,833,4,0,0,0,0,0
3988,"Farewell, Stephanie",University of Arkansas at Little Rock,1611,1,2171,1,0,0,0
1482,"Farrell, Kathleen A.",University of Nebraska-Lincoln,1611,1,2171,1,0,0,0
1485,"Fedor, Donald B.",Georgia Institute of Technology,1047,2,1462,2,0,0,0
2971,"Fedorowicz, Jane",Bentley University,1611,1,2171,1,0,0,0
1487,"Fehrs, Donald H.",Not Found,2171,1,0,0,0,0,0
42,"Felix, William L.",Retired or Emeritus,1611,1,833,4,0,0,0
2631,"Feltham, Glenn D.",Not Found,1611,1,2171,1,0,0,0
302,"Felton, Sandra",Brock University,1611,1,1462,2,0,0,0
603,"Fennema, M.G.",Florida State University,2171,1,0,0,0,0,0
1488,"Fenton-O`Creevy, Mark",Open University,1611,1,2171,1,0,0,0
2972,"Ferguson, Darnel M.",Not Found,2171,1,0,0,0,0,0
388,"Ferguson, Michael J.",Chinese University of Hong Kong,1611,1,2171,1,0,0,0
2672,"Feroz, Ehsan H.",University of Washington-Tacoma,833,4,0,0,0,0,0
409,"Ferris, Kenneth R.",Retired or Emeritus,1462,2,0,0,0,0,0
1490,"Field, Laura Paige",Pennsylvania State University,1611,1,2171,1,0,0,0
3483,"Fields, L. Paige",Trinity University,1462,2,0,0,0,0,0
2853,"Fields, Thomas D.",Washington University in St. Louis,1462,2,0,0,0,0,0
1146,"File, Richard G.",University of Nebraska-Omaha,1462,2,0,0,0,0,0
2357,"Finley, David R.",Retired or Emeritus,1462,2,0,0,0,0,0
75,"Finn, Don W.",University of North Texas,1611,1,1070,3,0,0,0
1264,"Finn, Mark W.",Northwestern University,2171,1,0,0,0,0,0
1492,"Fischbacher, Urs",University of Konstanz,1611,1,2171,1,0,0,0
2420,"Fischer, Carol",St Bonaventure University,1462,2,0,0,0,0,0
2421,"Fischer, Michael J.",St Bonaventure University,2171,1,0,0,0,0,0
1493,"Fisher, Cathy",Not Found,2171,1,0,0,0,0,0
865,"Fisher, Dann G.",Kansas State University,1462,2,0,0,0,0,0
4349,"Fisher, Ingrid E.",University at Albany – State University of New York,1047,2,1462,2,0,0,0
2569,"Fisher, Marguerite",Not Found,2171,1,0,0,0,0,0
331,"Fisher, Richard T.",University of Canterbury,2171,1,0,0,0,0,0
856,"Fleishman, Richard K.",Retired or Emeritus,2171,1,0,0,0,0,0
1049,"Flesher, Dale L.",University of Mississippi,2171,1,0,0,0,0,0
1494,"Fligstein, Neil","University of California, Berkeley",2171,1,0,0,0,0,0
147,"Flory, Steven M.",Not Found,2171,1,0,0,0,0,0
1495,"Fogarty, John A.",Retired or Emeritus,2171,1,0,0,0,0,0
307,"Folami, L. Buky",Bryant University,2171,1,0,0,0,0,0
861,"Ford, Allen",University of Kansas,2171,1,0,0,0,0,0
943,"Foster, Benjamin P.",University of Louisville,2171,1,0,0,0,0,0
1163,"Foster, Taylor W.",New Mexico State University,2171,1,0,0,0,0,0
475,"Frankel, Micah",California State University East Bay,1462,2,0,0,0,0,0
422,"Frederick, David M.",University of Colorado at Boulder,1070,3,0,0,0,0,0
1497,"Freed, Glenn S.",Practice,2171,1,0,0,0,0,0
2525,"Freeman, Robert N.",University of Texas at Austin,1611,1,667,5,0,0,0
1498,"Frees, Edward W.",University of Wisconsin-Madison,2171,1,0,0,0,0,0
576,"Friedberg, Alan H.",Not Found,2171,1,0,0,0,0,0
149,"Friedland, John M.",Not Found,2171,1,0,0,0,0,0
1243,"Frost, Carol Ann",University of North Texas,1611,1,446,7,0,0,0
2621,"Froud, Julie",University of Manchester,1611,1,1070,3,0,0,0
2973,"Frownfelter-Lohrke, Cynthia",Samford University,2171,1,0,0,0,0,0
396,"Frucot, Veronique",Christopher Newport University,2171,1,0,0,0,0,0
1499,"Fry, Timothy D.",University of South Carolina,1611,1,2171,1,0,0,0
2974,"Fuerst, William L.",University of Kansas,2171,1,0,0,0,0,0
2872,"Fuller, Lori R.",West Chester University of Pennsylvania,1611,1,2171,1,0,0,0
2709,"Gaa, James C.",University of Alberta,2171,1,0,0,0,0,0
114,"Gabhart, David R.L.",Deceased,2171,1,0,0,0,0,0
1500,"Gadh, Vandana M.",Not Found,2171,1,0,0,0,0,0
549,"Gallhofer, Sonja",University of Glasgow,2171,1,0,0,0,0,0
1503,"Garnsey, Elizabeth",University of Cambridge,2171,1,0,0,0,0,0
1504,"Garvey, Gerald T.",Practice,2171,1,0,0,0,0,0
654,"Gaver, Kenneth M.",Retired or Emeritus,230,10,0,0,0,0,0
1505,"Gebhardt, William R.",Practice,2171,1,0,0,0,0,0
485,"Geiger, Dale R.",Retired or Emeritus,2171,1,0,0,0,0,0
1094,"Geisler, Gregory G.",University of Missouri- St. Louis,1611,1,833,4,0,0,0
2430,"Gelardi, Alexander M.G.",University of St. Thomas,1611,1,2171,1,0,0,0
2350,"Gelb, David S.",Seton Hall University,1611,1,2171,1,0,0,0
1506,"Gentry, William M.",Williams College,1611,1,2171,1,0,0,0
1091,"George, Nashwa E.",Not Found,2171,1,0,0,0,0,0
1508,"Gerson, James S.",Practice,2171,1,0,0,0,0,0
1509,"Gibbons, Jean D.",Retired or Emeritus,2171,1,0,0,0,0,0
1510,"Gibbs, Michael",University of Chicago,1611,1,1462,2,0,0,0
1511,"Gietzmann, Miles B.",Not Found,1462,2,0,0,0,0,0
103,"Gift, Michael J.",University of Macau,2171,1,0,0,0,0,0
2868,"Gilbertson, David L.",Western Washington University,1611,1,2171,1,0,0,0
2846,"Gill, Susan",Washington State University,2171,1,0,0,0,0,0
1512,"Gillette, Ann B.",Kennesaw State University,2171,1,0,0,0,0,0
1513,"Gilson, Stuart C.",Harvard University,2171,1,0,0,0,0,0
1514,"Gintschel, Adreas",Practice,1611,1,2171,1,0,0,0
2163,"Gist, Willie E.",Ohio University,1070,3,0,0,0,0,0
1276,"Gjesdal, Froystein",Norwegian School of Economics,2171,1,0,0,0,0,0
1516,"Glenn, David",Not Found,2171,1,0,0,0,0,0
76,"Glezen, G. William",Retired or Emeritus,2171,1,0,0,0,0,0
630,"Godfrey, James T.",Deceased,1462,2,0,0,0,0,0
896,"Goetz, Joe F. Jr.",Not Found,2171,1,0,0,0,0,0
4348,"Gogan, Janis L.",Bentley University,1611,1,2171,1,0,0,0
1517,"Golec, Joseph H.",University of Connecticut,2171,1,0,0,0,0,0
1518,"Gomez, Elizabeth Ocampo",Not Found,1611,1,2171,1,0,0,0
1520,"Gopi, Babu R.",Not Found,2171,1,0,0,0,0,0
2481,"Gordon, Elizabeth A.",Temple University,752,3,833,4,0,0,0
2358,"Gordon, Irene M.",Simon Fraser University,2171,1,0,0,0,0,0
616,"Gore, Richard",Fort Lewis College,1462,2,0,0,0,0,0
1521,"Gorman, Larry R.","California State Polytechnic University, San Luis Obis",2171,1,0,0,0,0,0
151,"Gosse, Darrel I.",Ivy Tech Community College,2171,1,0,0,0,0,0
2741,"Gosselin, Maurice",Laval University,1611,1,1462,2,0,0,0
513,"Govindarajan, Vijay",Dartmouth College,1070,3,0,0,0,0,0
1522,"Gowan, Mary",James Madison University,2171,1,0,0,0,0,0
1525,"Granlund, Markus",Turku School of Economics,1611,1,1462,2,0,0,0
1722,"Grant, Gerry H.",University of Charleston,1611,1,2171,1,0,0,0
362,"Grasso, Lawrence P.",Central Connecticut State University,2171,1,0,0,0,0,0
1244,"Graves, O. Finley",University of North Texas,2171,1,0,0,0,0,0
3949,"Graybeal, Patricia",University of Michigan-Dearborn,2171,1,0,0,0,0,0
1528,"Grazioli, Stefano",University of Virginia,2171,1,0,0,0,0,0
998,"Green, Brian Patrick",University of Michigan-Dearborn,1611,1,1462,2,0,0,0
1181,"Green, Wendy J.",UNSW Sydney,1611,1,2171,1,0,0,0
2873,"Greenberg, Penelope Sue",Widener University,1462,2,0,0,0,0,0
2482,"Greenberg, Ralph H.",Temple University,1462,2,0,0,0,0,0
2847,"Greenberg, Robert",Washington State University,2171,1,0,0,0,0,0
1529,"Greener, Hugh T.",Not Found,1611,1,2171,1,0,0,0
2912,"Greenspan, James W.",Wright State University,2171,1,0,0,0,0,0
2351,"Greenstein, Brian",University of Delaware,2171,1,0,0,0,0,0
152,"Gregson, Terry",Not Found,1070,3,0,0,0,0,0
2256,"Greig, Anthony C.",Not Found,2171,1,0,0,0,0,0
1533,"Grey, Christopher",Not Found,1611,1,1070,3,0,0,0
2837,"Gribbin, Donald W.",Western Michigan University,2171,1,0,0,0,0,0
1105,"Griffin, Lynn",Not Found,2171,1,0,0,0,0,0
153,"Grimlund, Richard A.",Retired or Emeritus,833,4,0,0,0,0,0
1534,"Grojer, Jan-Erik",Deceased,2171,1,0,0,0,0,0
3865,"Groomer, S. Michael",Deceased,2171,1,0,0,0,0,0
2981,"Grove, Hugh D.",University of Denver,2171,1,0,0,0,0,0
2423,"Guess, A. Kay",Samford University,2171,1,0,0,0,0,0
154,"Guidry, Flora",Not Found,2171,1,0,0,0,0,0
1540,"Guo, Re-Jin",University of Illinois at Chicago,1611,1,2171,1,0,0,0
906,"Gupta, Parveen P.",Lehigh University,1462,2,0,0,0,0,0
1541,"Gutierrez, Fernando","Universidad Pablo De Olavide, Sevilla",1611,1,1462,2,0,0,0
156,"Ha, Gook-Lak",Not Found,2171,1,0,0,0,0,0
1545,"HÃ¥kansson, HÃ¥kan",BI Norwegian Business School,1611,1,2171,1,0,0,0
1542,"Haddad, Kamal",San Diego State University,2171,1,0,0,0,0,0
1544,"Haggard, James A.",Retired or Emeritus,2171,1,0,0,0,0,0
1546,"Hall, Brian J.",Harvard University,1047,2,1462,2,0,0,0
1153,"Hall, Renee",University of Colorado at Boulder,2171,1,0,0,0,0,0
1144,"Hall, Steven C.",University of Nebraska-Kearney,2171,1,0,0,0,0,0
1547,"Halliday, Terence C.",Practice,2171,1,0,0,0,0,0
1548,"Halper, Fern B.",Practice,2171,1,0,0,0,0,0
776,"Halperin, Robert M.",Retired or Emeritus,833,4,0,0,0,0,0
99,"Halsey, Robert F.",Babson College,2171,1,0,0,0,0,0
1549,"Hamada, Kazuki",Not Found,2171,1,0,0,0,0,0
157,"Hammer, Lawrence H.",Retired or Emeritus,2171,1,0,0,0,0,0
4,"Han, Bong H.",Ajou University,2171,1,0,0,0,0,0
891,"Han, Ingoo",Korea Advanced Institute of Science and Technology,2171,1,0,0,0,0,0
158,"Han, Jerry C. Y.",Retired or Emeritus,667,5,0,0,0,0,0
2983,"Hanbery, Glyn",Retired or Emeritus,2171,1,0,0,0,0,0
2365,"Hann, Rebecca N.",University of Maryland,286,6,543,6,0,0,0
2398,"Hanna, J. Douglas",Southern Methodist University,667,5,0,0,0,0,0
1552,"Hanninen Sakari, Mark W.",Not Found,2171,1,0,0,0,0,0
159,"Hanno, Dennis M.",Wheaton College,1611,1,833,4,0,0,0
2984,"Hansen, James V.",Retired or Emeritus,1462,2,0,0,0,0,0
634,"Hansen, Stephen C.",Naval Postgraduate School,1047,2,446,7,0,0,0
1759,"Hansson, Maria Martensson",Stockholm University,2171,1,0,0,0,0,0
2985,"Hard, Nancy J.",Not Found,2171,1,0,0,0,0,0
999,"Harkness, Michael",University of Michigan-Dearborn,2171,1,0,0,0,0,0
2986,"Harmon, W. Ken",Kennesaw State University,1611,1,2171,1,0,0,0
477,"Harper, Robert M.",California State University Fresno,1462,2,0,0,0,0,0
2381,"Harrell, Adrian M.",Retired or Emeritus,197,11,0,0,0,0,0
1553,"Harris, Dawn",Loyola University Chicago,2171,1,0,0,0,0,0
160,"Harris, Trevor S.",Columbia University in the City of New York,301,9,0,0,0,0,0
2870,"Harrison, Paul D.",Wichita State University,1611,1,833,4,0,0,0
1064,"Harsha, Phillip D.",Missouri State University,2171,1,0,0,0,0,0
1555,"Harte, George",Not Found,2171,1,0,0,0,0,0
1557,"Hartwick, Jon",Deceased,1462,2,0,0,0,0,0
1558,"Harvey, Campbell R.",Duke University,1611,1,2171,1,0,0,0
467,"Harwood, Elaine",Retired or Emeritus,2171,1,0,0,0,0,0
665,"Harwood, Gordon B.",Retired or Emeritus,1462,2,0,0,0,0,0
1559,"Hasan, Mahreen",Not Found,1611,1,2171,1,0,0,0
2813,"Haskins, Mark E. -",,1070,3,0,0,0,0,0
1560,"Haslam, C.","Queen Mary, University of London",2171,1,0,0,0,0,0
550,"Haslam, James",University of Dundee,2171,1,0,0,0,0,0
1561,"Hastie, Reid",University of Chicago,2171,1,0,0,0,0,0
1562,"Havelka, Douglas",Miami University,2171,1,0,0,0,0,0
2605,"Hay, David C.",University of Auckland,752,3,1070,3,0,0,0
2489,"Hayes, Robert D.",Tennessee State University,2171,1,0,0,0,0,0
1564,"Hayne, Stephen C.",Colorado State University,2171,1,0,0,0,0,0
2864,"Haynes, Christine M.",University of West Georgia,1047,2,833,4,0,0,0
1566,"He, Lerong",State University of New York College at Brockport,1611,1,2171,1,0,0,0
161,"Healy-Burress, Joanne P.",Not Found,1611,1,2171,1,0,0,0
1567,"Heaney, John",Simon Fraser University,2171,1,0,0,0,0,0
1569,"Hegde, Vishwanath G.",California State University East Bay,2171,1,0,0,0,0,0
2783,"Heian, James B.",Utica College,2171,1,0,0,0,0,0
1571,"Heincke, Monica",Not Found,1611,1,2171,1,0,0,0
995,"Heitger, Dan L.",Miami University,1047,2,1462,2,0,0,0
162,"Helleloid, Richard",Practice,2171,1,0,0,0,0,0
560,"Helms, Glenn L.",Retired or Emeritus,2171,1,0,0,0,0,0
286,"Heninger, William G.",Brigham Young University,2171,1,0,0,0,0,0
163,"Henning, Steven L.",Practice,1070,3,0,0,0,0,0
1573,"Hensher, David A.",University of Sydney,1611,1,2171,1,0,0,0
2649,"Herbohn, Kathleen",University of Queensland,1611,1,2171,1,0,0,0
1087,"Herbold, Joshua",University of Montana,1611,1,2171,1,0,0,0
164,"Hermanson, Heather M.",Kennesaw State University,2171,1,0,0,0,0,0
666,"Hermanson, Roger H.",Retired or Emeritus,1462,2,0,0,0,0,0
1575,Hernan Ortiz-Molina,University of British Columbia - Vancouver,1611,1,2171,1,0,0,0
2721,"Herremans, Irene M.",University of Calgary,2171,1,0,0,0,0,0
2180,"Herrmann, Don",Oklahoma State University,1047,2,1462,2,0,0,0
1088,"Herron, Terri L.",University of Montana,1611,1,1462,2,0,0,0
1576,"Hertog, Friso Den",Maastricht University,2171,1,0,0,0,0,0
1577,"Hertzel, Michael",Arizona State University,1611,1,1462,2,0,0,0
617,"Herz, Paul J.",Retired or Emeritus,2171,1,0,0,0,0,0
898,"Hibbets, Aleecia R.",Not Found,1611,1,2171,1,0,0,0
817,"Hill, John W.",Retired or Emeritus,2171,1,0,0,0,0,0
872,"Hill, Mary Callahan",Kennesaw State University,1070,3,0,0,0,0,0
2991,"Hill, Ned C.",Brigham Young University,2171,1,0,0,0,0,0
2186,"Hill, R. Carter",Louisiana State University,2171,1,0,0,0,0,0
1578,"Hill, Thomas J. Jr.",Not Found,1462,2,0,0,0,0,0
605,"Hillison, William A.",Retired or Emeritus,2171,1,0,0,0,0,0
1579,"Hines, Ruth D.",Not Found,1462,2,0,0,0,0,0
1580,"Hinings, Bob",Retired or Emeritus,2171,1,0,0,0,0,0
719,"Hiromoto, Toshiro",Practice,2171,1,0,0,0,0,0
1582,"Hirsch, Paul M.",Northwestern University,2171,1,0,0,0,0,0
2527,"Hirst, D. Eric",University of Texas at Austin,752,3,301,9,0,0,0
84,"Hirst, Mark K.",Not Found,446,7,0,0,0,0,0
510,"Hitzig, Neal B.",Queens College-The City University of New York,2171,1,0,0,0,0,0
2593,"Ho, Li-Chin Jennifer",University of Texas at Arlington,1462,2,0,0,0,0,0
1584,"Hoffman, L. Richard",Practice,2171,1,0,0,0,0,0
28,"Hofmann, Mary Ann",Appalachian State University,1047,2,1462,2,0,0,0
1587,"Hogarth, Robin M.",Universitat Pompeu Fabra,1462,2,0,0,0,0,0
1588,"Hogler, Raymond L.",Colorado State University,1070,3,0,0,0,0,0
2992,"Hollander, Anita S.",University of Tennessee Knoxville,2171,1,0,0,0,0,0
1886,"Holmes, Sarah A.",Not Found,1462,2,0,0,0,0,0
1590,"Holmes, Scott",Not Found,2171,1,0,0,0,0,0
2209,"Holstrum, Gary L.",Retired or Emeritus,2171,1,0,0,0,0,0
166,"Holt, Doris I.",Practice,2171,1,0,0,0,0,0
2234,"Holthausen, Robert W.",University of Pennsylvania,667,5,0,0,0,0,0
2643,"Holzmann, Oscar",University of Miami,2171,1,0,0,0,0,0
1591,"Hong, Gwangheon",Sogang University,1611,1,2171,1,0,0,0
1592,"Hood, Christopher",London School of Economics and Political Science,2171,1,0,0,0,0,0
578,"Hooks, Karen L.",Florida Atlantic University,1047,2,446,7,0,0,0
1593,"Hooper, Keith",Unitec Institute of Technoloty,2171,1,0,0,0,0,0
2622,"Hopper, Trevor",Victoria University of Wellington,1047,2,667,5,0,0,0
579,"Hopwood, William S.",Florida Atlantic University,833,4,0,0,0,0,0
1594,"Horgan, Jane M.",Retired or Emeritus,2171,1,0,0,0,0,0
2993,"Hornik, Steven",University of Central Florida,2171,1,0,0,0,0,0
1596,"Houghton, Clarence W.",Retired or Emeritus,2171,1,0,0,0,0,0
93,"Houghton, Keith A.",Australian National University,1462,2,0,0,0,0,0
1597,"Houston, Arthur L. Jr.",Retired or Emeritus,1611,1,2171,1,0,0,0
167,"Houston, Carol O.",Not Found,1611,1,2171,1,0,0,0
1055,"Howard, Thomas P.",Retired or Emeritus,2171,1,0,0,0,0,0
1598,"Howe, Christopher",University of London,1611,1,2171,1,0,0,0
150,"Hoyt, Dana Gibson",Sam Houston State University,1462,2,0,0,0,0,0
2635,"Hronsky, Jane J. F.",University of Melbourne,2171,1,0,0,0,0,0
1599,"Hrung, Warren B.",Practice,1611,1,2171,1,0,0,0
2328,"Hsieh, Su-Jane",San Francisco State University,2171,1,0,0,0,0,0
1603,"Hudson, Carl D.",Practice,2171,1,0,0,0,0,0
2464,"Huefner, Ronald J.",State University of New York at Buffalo,2171,1,0,0,0,0,0
1604,"Hughes, Marie Adele",Not Found,2171,1,0,0,0,0,0
2677,"Hughes, Patricia J.",Deceased,1462,2,0,0,0,0,0
1605,"Huizing, Ard",Not Found,1462,2,0,0,0,0,0
2801,"Hull, Rita P.",Retired or Emeritus,2171,1,0,0,0,0,0
877,"Hulse, David S.",University of Kentucky,1611,1,1070,3,0,0,0
366,"Hunt, Alister",Retired or Emeritus,2171,1,0,0,0,0,0
482,"Hunt, Herbert G.","California State Polytechnic University, San Luis Obis",833,4,0,0,0,0,0
668,"Huss, H. Fenwick",Baruch College-The City University of New York,667,5,0,0,0,0,0
1245,"Hutchison, Paul D.",University of North Texas,752,3,1070,3,0,0,0
486,"Hwang, Nen-Chen Richard",California State University San Marcos,1047,2,1070,3,0,0,0
608,"Icerman, Rhoda C.",Florida State University,1462,2,0,0,0,0,0
1607,"Iglarsh, Harvey J.",Georgetown University,2171,1,0,0,0,0,0
1011,"Imhoff, Eugene A.",Retired or Emeritus,2171,1,0,0,0,0,0
1608,"Ingberman, Daniel E.",Practice,2171,1,0,0,0,0,0
2330,"Ingraham, Laura",San Jose State University,1611,1,2171,1,0,0,0
12,"Ingram, Robert W.",Retired or Emeritus,1611,1,1462,2,0,0,0
1609,"Inoue, Tatsuo",Kwansei Gakuin University (Japan),1611,1,2171,1,0,0,0
1610,"Irvine, Paul J.",Texas Christian University,1611,1,1462,2,0,0,0
1611,"Ismail, Zubaidah",Edith Cowan University,2171,1,0,0,0,0,0
2994,"Ivancevich, Daniel M.",University of North Carolina Wilmington,1070,3,0,0,0,0,0
1107,"Iyengar, Raghavan J.",North Carolina Central University,1611,1,2171,1,0,0,0
1101,"Iyer, Venkataraman M.",University of North Carolina at Greensboro,752,3,667,5,0,0,0
423,"Jackson, Betty R.",Retired or Emeritus,2171,1,0,0,0,0,0
1612,"Jackson, Myles W.",New York University,2171,1,0,0,0,0,0
1613,"Jacobson, Robert",Not Found,2171,1,0,0,0,0,0
1614,"Jain, Ashish",Practice,1611,1,2171,1,0,0,0
1615,"Jain, Pankaj K.",University of Memphis,1611,1,2171,1,0,0,0
1617,"James, Simon",University of Exeter,1611,1,2171,1,0,0,0
1618,"James, Wendy",Zayed University (UAE),2171,1,0,0,0,0,0
2551,"Janakiraman, Surya N.",University of Texas at Dallas,1611,1,1070,3,0,0,0
1619,"Jaworski, Bernard J.",Practice,2171,1,0,0,0,0,0
1620,"Jegadeesh, Narasimhan",Emory University,1611,1,2171,1,0,0,0
1621,"Jennings, Marianne M.",Retired or Emeritus,1070,3,0,0,0,0,0
1622,"Jensen, Michael C.",Retired or Emeritus,2171,1,0,0,0,0,0
2359,"Jermias, Johnny",Simon Fraser University,2171,1,0,0,0,0,0
2275,"Jervis, Kathryn J.",University of Rhode Island,2171,1,0,0,0,0,0
1623,"Jeuttner-Nauroth, Beate",Not Found,1611,1,2171,1,0,0,0
2660,"Jiambalvo, James",University of Washington,1047,2,301,9,0,0,0
1624,"Jiang, Guohua",Peking University,1611,1,2171,1,0,0,0
2996,"Jindanuwat, Niramol",Retired or Emeritus,1611,1,2171,1,0,0,0
1627,"Jo, Hoje",Santa Clara University,1611,1,2171,1,0,0,0
1628,"Johal, Sukhdev","Royal Holloway, University of London",2171,1,0,0,0,0,0
1629,"Johanson, Ulf",Retired or Emeritus,2171,1,0,0,0,0,0
1630,"Johns, Tony R.",Clarion University,2171,1,0,0,0,0,0
2181,"Johnson, Carol",Oklahoma State University,2171,1,0,0,0,0,0
54,"Johnson, Douglas A.",Retired or Emeritus,2171,1,0,0,0,0,0
170,"Johnson, Linda M.",Retired or Emeritus,2171,1,0,0,0,0,0
1631,"Johnson, Mark S.",Michigan State University,2171,1,0,0,0,0,0
778,"Johnson, Orace",Deceased,2171,1,0,0,0,0,0
1632,"Johnson, Paul E.",University of Minnesota,1462,2,0,0,0,0,0
171,"Johnson, Van E.",Retired or Emeritus,1611,1,1070,3,0,0,0
430,"Johnston, Derek",Colorado State University,1047,2,1462,2,0,0,0
973,"Johnston, Holly H.",Not Found,2171,1,0,0,0,0,0
1633,"Johnstone, David J.",University of Sydney,2171,1,0,0,0,0,0
1634,"Jones, C. Stuart",Not Found,2171,1,0,0,0,0,0
635,"Jones, Christopher L.",George Washington University,1611,1,2171,1,0,0,0
172,"Jones, Jennifer J.",Retired or Emeritus,1070,3,0,0,0,0,0
2624,"Jones, Julian",Not Found,1611,1,2171,1,0,0,0
1635,"Jones, Matthew",University of Cambridge,2171,1,0,0,0,0,0
2816,"Jones, Sally M.",Retired or Emeritus,2171,1,0,0,0,0,0
2753,"Jones, Stewart",University of Sydney,1611,1,2171,1,0,0,0
2722,"Jones, Stuart H.",University of Calgary,2171,1,0,0,0,0,0
1637,"Jones, T. Colwyn",Retired or Emeritus,1611,1,2171,1,0,0,0
1638,"Jones, Thomas W.",Retired or Emeritus,2171,1,0,0,0,0,0
1639,"Jonsson, Sten",University of Gothenburg,1070,3,0,0,0,0,0
1640,"Jordan, James S.",Pennsylvania State University,1070,3,0,0,0,0,0
2905,"Jordan, Robert E.",Retired or Emeritus,2171,1,0,0,0,0,0
819,"Joseph, Jerry A.",Not Found,2171,1,0,0,0,0,0
1643,"Joshi, Satish",Retired or Emeritus,2171,1,0,0,0,0,0
1644,"Joy, Maurice",Retired or Emeritus,2171,1,0,0,0,0,0
1039,"Joyce, Edward",University of Minnesota,2171,1,0,0,0,0,0
2717,"Juarez-Valdes, Luis Felip",Not Found,1611,1,2171,1,0,0,0
1645,"Jubb, Christine A.",Australian National University,2171,1,0,0,0,0,0
2349,"Jung, Woon-Oh",Seoul National University,833,4,0,0,0,0,0
1647,"Kagel, John H.",The Ohio State University,2171,1,0,0,0,0,0
2337,"Kalagnanam, Suresh S.",University of Saskatchewan,2171,1,0,0,0,0,0
949,"Kalbers, Lawrence P.",Loyola Marymount University,1462,2,0,0,0,0,0
173,"Kallapur, Sanjay",Indian School of Business,752,3,446,7,0,0,0
1652,"Kalpathy, Swaminathan",Texas Christian University,1611,1,2171,1,0,0,0
1649,"Kamminga, Peter E.","University of California, Hastings",1611,1,2171,1,0,0,0
1650,"Kandel, Eugene",Hebrew University of Jerusalem,1611,1,2171,1,0,0,0
2997,"Kandelin, Nils A.",Practice,2171,1,0,0,0,0,0
521,"Kane, Gregory D.",University of Delaware,1462,2,0,0,0,0,0
1651,"Kao, Alison",Not Found,2171,1,0,0,0,0,0
2998,"Kao, Yi-ching",Menlo College,1611,1,2171,1,0,0,0
699,"Kaplan, Robert S.",Harvard University,2171,1,0,0,0,0,0
511,"Karamanou, Irene",University of Cyprus,1611,1,2171,1,0,0,0
2287,"Karim, Khondkar",University of Massachusetts Lowell,1462,2,0,0,0,0,0
1653,"Karreman, Dan",Lund University,1611,1,2171,1,0,0,0
325,"Karuna, Christo",University of Southern California,1611,1,2171,1,0,0,0
1654,"Kasanen, Eero",Helsinki School of Economics,1070,3,0,0,0,0,0
1655,"Kato, Yutaka",Doshisha University,1462,2,0,0,0,0,0
555,"Kattelus, Susan C.",Retired or Emeritus,2171,1,0,0,0,0,0
2830,"Kauffman, N. Leroy",Western Carolina University,2171,1,0,0,0,0,0
1147,"Kealey, Burch T.",University of Nebraska-Omaha,1611,1,2171,1,0,0,0
1068,"Keating, A. Scott",Massachusetts Institute of Technology,1462,2,0,0,0,0,0
174,"Keating, Patrick J.",Not Found,2171,1,0,0,0,0,0
818,"Keinath, Annemarie K.",Not Found,2171,1,0,0,0,0,0
1659,"Kekre, Sunder",Carnegie Mellon University,2171,1,0,0,0,0,0
1660,"Keller, Gary",Not Found,2171,1,0,0,0,0,0
878,"Keller, Stuart B.",Retired or Emeritus,2171,1,0,0,0,0,0
2316,"Kelley, Tim",University of San Diego,2171,1,0,0,0,0,0
1661,"Kelly, Trish",Vanderbilt University,1611,1,2171,1,0,0,0
2570,"Kemsley, Deen",Tulane University,543,6,0,0,0,0,0
2697,"Kennedy, Duane B.",University of Waterloo,1462,2,0,0,0,0,0
809,"Kennedy, Tom",Retired or Emeritus,2171,1,0,0,0,0,0
826,"Kern, Beth B.",Indiana University South Bend,1462,2,0,0,0,0,0
1099,"Kerr, David S.",University of North Carolina at Charlotte,1611,1,1070,3,0,0,0
3002,"Kershaw, Russell",Marian University Indianapolis,2171,1,0,0,0,0,0
499,"Kerstein, Joseph",Yeshiva University,1611,1,1462,2,0,0,0
2314,"Ketchand, Alice A.",Retired or Emeritus,1070,3,0,0,0,0,0
1663,"Khalifa, Rihab",United Arab Emirates University,1611,1,2171,1,0,0,0
3003,"Khallaf, Ashraf",American University of Sharjah,1611,1,2171,1,0,0,0
1664,"Khanna, Tarun",Harvard University,1611,1,2171,1,0,0,0
1665,"Khouja, Moutaz",University of North Carolina at Charlotte,2171,1,0,0,0,0,0
1666,"Kidon, Filip",Not Found,1611,1,2171,1,0,0,0
1667,"Kiecker, Pamela",Practice,2171,1,0,0,0,0,0
1033,"Kile, Charles O.",Middle Tennessee State University,1611,1,1462,2,0,0,0
2806,"Killough, Larry N.",Virginia Tech,1462,2,0,0,0,0,0
1209,"Kilpatrick, Bob G.",Northern Arizona University,2171,1,0,0,0,0,0
176,"Kim, Chung K.",Ewha Womans University (Korea),1611,1,1462,2,0,0,0
526,"KIM, D. C.",Dongguk University,2171,1,0,0,0,0,0
895,"Kim, Doyoung",Sogang University,1611,1,2171,1,0,0,0
1668,"Kim, Kwon-Jung",Kyung Hee University,1462,2,0,0,0,0,0
745,"Kim, Kyung Ho",Hongik University,2171,1,0,0,0,0,0
2465,"Kim, Myungsun",State University of New York at Buffalo,1611,1,1462,2,0,0,0
965,"Kim, Oliver",University of Maryland,1611,1,230,10,0,0,0
1669,"Kim, Son Ku",Seoul National University,2171,1,0,0,0,0,0
2388,"King, James",Retired or Emeritus,2171,1,0,0,0,0,0
2193,"King, Raymond D.",Retired or Emeritus,2171,1,0,0,0,0,0
2857,"King, Ronald R.",Washington University in St. Louis,752,3,28,21,0,0,0
716,"Kinnunen, Juha",Helsinki School of Economics,2171,1,0,0,0,0,0
1670,"Kirby Jones, Alison J.",Boston University,833,4,0,0,0,0,0
1671,"Kirkham, Linda M.",Robert Gordon University,2171,1,0,0,0,0,0
178,"Kite, Devaun",Not Found,2171,1,0,0,0,0,0
472,"Kizirian, Timothy",California State University Chico,1611,1,2171,1,0,0,0
1246,"Klammer, Thomas P.",Retired or Emeritus,1462,2,0,0,0,0,0
1198,"Klein, April",New York University,752,3,667,5,0,0,0
1673,"Kleinmuntz, Don N.",Practice,1462,2,0,0,0,0,0
118,"Klersey, George P.",Not Found,2171,1,0,0,0,0,0
2173,"Knapp, Carol A.",University of Oklahoma,2171,1,0,0,0,0,0
2174,"Knapp, Michael C.",University of Oklahoma,1070,3,0,0,0,0,0
179,"Kneer, Dan C.",Practice,1462,2,0,0,0,0,0
1674,"Knights, d.",Not Found,2171,1,0,0,0,0,0
1675,"Knox, Thomas A.",Not Found,1611,1,2171,1,0,0,0
2344,"Koch, Bruce S.",Seattle University,1611,1,1462,2,0,0,0
557,"Kohlmeyer, James M.",Clemson University,1611,1,2171,1,0,0,0
1676,"Kokubu, Katsuhiko",Kobe University,2171,1,0,0,0,0,0
180,"Koogler, Paul R.",Not Found,1462,2,0,0,0,0,0
1678,"Kormendi, Roger",Deceased,2171,1,0,0,0,0,0
1679,"Kornish, Laura J.",University of Colorado at Boulder,1611,1,2171,1,0,0,0
2409,"Korte, Leon",University of South Dakota,2171,1,0,0,0,0,0
1680,"Koster, Frank J.",Practice,2171,1,0,0,0,0,0
1681,"Kotha, Suresh",University of Washington,1047,2,1462,2,0,0,0
3006,"Kovar, Brian R.",Kansas State University,2171,1,0,0,0,0,0
3007,"Kovar, Stacy E.",Kansas State University,2171,1,0,0,0,0,0
29,"Kowalczyk, Tamara K.",Appalachian State University,2171,1,0,0,0,0,0
2900,"Kozub, Robert M.",Retired or Emeritus,2171,1,0,0,0,0,0
1865,"Kramer, Bonita Peterson",Montana State University,2171,1,0,0,0,0,0
1112,"Krawczyk, Kathy",North Carolina State University,1462,2,0,0,0,0,0
2901,"Kren, Leslie",University of Wisconsin-Milwaukee,1462,2,0,0,0,0,0
1682,"Kreutzfeldt, Richard W.",Practice,1462,2,0,0,0,0,0
1683,"Krinsky, Itzhak",Practice,2171,1,0,0,0,0,0
1685,"Krishnamurthy, Srinivasan",North Carolina State University,1047,2,1462,2,0,0,0
1686,"Krishnan, Ramayya",Carnegie Mellon University,2171,1,0,0,0,0,0
1687,"Kristen, Willard",Practice,2171,1,0,0,0,0,0
468,"Krogstad, Jack L.",Creighton University,1047,2,1070,3,0,0,0
278,"Krull, George",Retired or Emeritus,2171,1,0,0,0,0,0
256,"Krumwiede, Kip R.",Christopher Newport University,1462,2,0,0,0,0,0
1688,"Krupka, George R.",Practice,2171,1,0,0,0,0,0
3008,"Kumar, Anand",University of South Florida,1611,1,2171,1,0,0,0
1689,"Kumbhakar, Subal C.",Binghamton University,2171,1,0,0,0,0,0
1148,"Kwak, Wikil",University of Nebraska-Omaha,2171,1,0,0,0,0,0
728,"Kwan, Sabrina Y. S.",Hong Kong University of Science and Technology,1611,1,2171,1,0,0,0
2920,"Kwon, Soon-Yong",Yeungnam University,2171,1,0,0,0,0,0
181,"Kwon, Sung S.",York University,2171,1,0,0,0,0,0
780,"Kwon, Young K.",Retired or Emeritus,1070,3,0,0,0,0,0
2297,"Kyj, Larissa",Rowan University,1611,1,2171,1,0,0,0
1714,"L`Her, Jean-Francois",Practice,1462,2,0,0,0,0,0
715,"Labelle, RÃ©al",Not Found,2171,1,0,0,0,0,0
1692,"Laguerre, Ted E.",Practice,1611,1,2171,1,0,0,0
2692,"Lamb, Margaret",Practice,2171,1,0,0,0,0,0
1172,"Lambert, Joyce C.",University of New Orleans,2171,1,0,0,0,0,0
2236,"Lambert, Richard A.",University of Pennsylvania,1047,2,446,7,0,0,0
1173,"Lambert, S. J.",University of New Orleans,2171,1,0,0,0,0,0
3009,"Lamberton, Barbara",University of Hartford,1611,1,2171,1,0,0,0
1065,"Lampe, James C.",Missouri State University,1462,2,0,0,0,0,0
3173,"Land, Judy",North Carolina Central University,1611,1,2171,1,0,0,0
1333,"Lane, Marguerite Bishop",University of Pennsylvania,2171,1,0,0,0,0,0
1014,"Lanen, William N.",University of Michigan,1047,2,543,6,0,0,0
1693,"Lang, Larry H. P.",Chinese University of Hong Kong,2171,1,0,0,0,0,0
182,"Langer, Russell",Not Found,2171,1,0,0,0,0,0
1083,"Langfield-Smith, Kim",Monash University,752,3,667,5,0,0,0
671,"Larkins, Ernest R.",Not Found,833,4,0,0,0,0,0
1695,"Larsen, H. T.",Not Found,2171,1,0,0,0,0,0
1697,"Larsson, Bengt",University of Gothenburg,1611,1,2171,1,0,0,0
2863,"LaSalle, Randall E.",Not Found,2171,1,0,0,0,0,0
2685,"Lau, Amy Hing-Ling",Not Found,2171,1,0,0,0,0,0
1699,"Laughlin, Richard",King`s College London,1462,2,0,0,0,0,0
1700,"Laughton, Janet",Not Found,1611,1,2171,1,0,0,0
1701,"Lave, Lester",Deceased,2171,1,0,0,0,0,0
1702,"Lawson, Raef A.",Practice,2171,1,0,0,0,0,0
473,"Lea, Richard B.",California State University Chico,2171,1,0,0,0,0,0
92,"Leach-Lopez, Maria A.",Not Found,1611,1,2171,1,0,0,0
2408,"Lease, Terry L.",Sonoma State University,2171,1,0,0,0,0,0
2784,"Leclere, Marc J.",Valparaiso University,1462,2,0,0,0,0,0
460,"Lee, Charles M. C.",Stanford University,547,4,301,9,0,0,0
2571,"Lee, Chi-Wen Jevons",Tulane University,1611,1,372,8,0,0,0
1703,"Lee, Deokheon",Ajou University,2171,1,0,0,0,0,0
3012,"Lee, Grace M.",Tung Wah College,2171,1,0,0,0,0,0
183,"Lee, Ho Young",Yonsei University,752,3,1070,3,0,0,0
3013,"Lee, Kevin Siow-Ping",Practice,1611,1,2171,1,0,0,0
890,"Lee, Kyung J.",Not Found,2171,1,0,0,0,0,0
184,"Lee, Seok-Young",Sungshin University,1462,2,0,0,0,0,0
2285,"Lee, Tanya M.",University of North Texas,1047,2,1070,3,0,0,0
13,"Lee, Thomas A.",Retired or Emeritus,2171,1,0,0,0,0,0
2817,"Lefanowicz, Craig E.",University of Virginia,752,3,833,4,0,0,0
374,"Leftwich, Richard",University of Chicago,2171,1,0,0,0,0,0
720,"Lehman, Cheryl R.",Hofstra University,1462,2,0,0,0,0,0
1705,"Lehman, Glen",University of South Australia,2171,1,0,0,0,0,0
1707,"Lemke, Kenneth W.",Not Found,2171,1,0,0,0,0,0
1708,"Leng, Fei",University of Washington-Tacoma,1611,1,2171,1,0,0,0
1710,"Lentz, George H.","California State Polytechnic University, Pomona",2171,1,0,0,0,0,0
1711,"Lenway, Stefanie",Not Found,2171,1,0,0,0,0,0
739,"Leung, Patrick W.",Hong Kong Polytechnic University,1611,1,2171,1,0,0,0
1712,"Lewellen, Wilbur G.",Purdue University,2171,1,0,0,0,0,0
431,"Lewis, Barry L.",Retired or Emeritus,1611,1,1070,3,0,0,0
2450,"Li, John Q.",Hunter College-The City University of New York,1611,1,2171,1,0,0,0
1716,"Li, Shuhua",Practice,2171,1,0,0,0,0,0
1128,"Liang, Jia-Wen",National Chengchi University,1611,1,2171,1,0,0,0
329,"Liao, Woody M.","University of California, Riverside",1611,1,2171,1,0,0,0
1721,"Lie, Erik",University of Iowa,1611,1,2171,1,0,0,0
2911,"Lightle, Susan",Wright State University,2171,1,0,0,0,0,0
500,"Lilien, Steven B.",Baruch College-The City University of New York,1070,3,0,0,0,0,0
1723,"Lilley, Simon",University of Leicester,1611,1,2171,1,0,0,0
2582,"Lim, Steve C.",Texas Christian University,1462,2,0,0,0,0,0
2346,"Lim, Suk S.",University of Seoul,1462,2,0,0,0,0,0
2534,"Limberg, Stephen T.",University of Texas at Austin,833,4,0,0,0,0,0
1724,"Limpaphayom, Piman",Chulalongkorn University,1611,1,2171,1,0,0,0
1126,"Lin, Hsiou-Wei",National Taiwan University,1611,1,1462,2,0,0,0
4346,"Lin, Pao-Chuan (Paul)",Wright State University,1611,1,2171,1,0,0,0
2366,"Lin, Thomas W.",University of Southern California,1611,1,1070,3,0,0,0
1725,"Lin, Xuewen",Not Found,1611,1,2171,1,0,0,0
2447,"Lind, Johnny",Stockholm School of Economics,1611,1,2171,1,0,0,0
640,"Lindahl, Frederick W.",George Washington University,2171,1,0,0,0,0,0
796,"Lindberg, Deborah L.",Illinois State University,1611,1,2171,1,0,0,0
2338,"Lindsay, Daryl",Retired or Emeritus,2171,1,0,0,0,0,0
2619,"Lindsay, Murray R.",University of Lethbridge,833,4,0,0,0,0,0
2176,"Lipe, Robert C.",University of South Carolina,1462,2,0,0,0,0,0
2485,"Lipka, Roland",Retired or Emeritus,2171,1,0,0,0,0,0
2136,"Liu, Chao-Shin",University of Notre Dame,1047,2,667,5,0,0,0
1134,"Liu, Chiawen",National Taiwan University,1611,1,1462,2,0,0,0
1720,"Liung, Ting-Peng",National Sun Yat-Sen University,2171,1,0,0,0,0,0
1102,"Livingstone, Jane R.",Western Carolina University,1611,1,2171,1,0,0,0
186,"Livne, Gilad",University of Exeter,2171,1,0,0,0,0,0
1730,"Llewellyn, Sue",University of Manchester,1611,1,1462,2,0,0,0
2838,"Lo, May H.",Western New England University,1070,3,0,0,0,0,0
1731,"Locke, Joanne",Open University,1611,1,2171,1,0,0,0
966,"Loeb, Martin P.",University of Maryland,2171,1,0,0,0,0,0
2773,"Loebbecke, James K.",Retired or Emeritus,1462,2,0,0,0,0,0
4356,"Lonborg, Kris",Practice,2171,1,0,0,0,0,0
274,"Lord, Alan T.",University of Puerto Rico,1070,3,0,0,0,0,0
1210,"Lorek, Kenneth S.",Northern Arizona University,833,4,0,0,0,0,0
2499,"Loudder, Martha L.",Texas A&M University,667,5,0,0,0,0,0
2317,"Lougee, Barbara A.",University of San Diego,1611,1,2171,1,0,0,0
853,"Louwers, Timothy J.",James Madison University,1070,3,0,0,0,0,0
3017,"Lovata, Linda M.",Southern Illinois University,2171,1,0,0,0,0,0
1734,"Low, Liang C.",Not Found,2171,1,0,0,0,0,0
1735,"Lowe, Alan",Aston University Birmingham,1611,1,2171,1,0,0,0
432,"Lowensohn, Suzanne H.",Colorado State University,2171,1,0,0,0,0,0
1736,"Lowry, Michelle",Pennsylvania State University,1611,1,2171,1,0,0,0
1737,"Lowy, Steven M.",Practice,2171,1,0,0,0,0,0
1738,"Lu, Jeffrey",Practice,1611,1,2171,1,0,0,0
2367,"Lu, Yvonne Y.",Lehigh University,1611,1,2171,1,0,0,0
1183,"Luckett, Peter F.",Not Found,1047,2,667,5,0,0,0
1741,"Lundstedt, Kyle G.",Practice,1611,1,2171,1,0,0,0
4353,"Lunsford, Dale L.",University of Southern Mississippi,1611,1,2171,1,0,0,0
1742,"Luo, Yadong",University of Miami,1611,1,2171,1,0,0,0
1743,"Lusch, Robert F.",University of Arizona,2171,1,0,0,0,0,0
501,"Lustgarten, Steven",Baruch College-The City University of New York,1611,1,1462,2,0,0,0
2333,"Luttman, Suzanne M.",Santa Clara University,1462,2,0,0,0,0,0
478,"Luzi, Andrew D.",California State University Fullerton,2171,1,0,0,0,0,0
1745,"Lynch, John G.",University of Colorado at Boulder,1611,1,2171,1,0,0,0
983,"Lynn, Bernadette Elea",Retired or Emeritus,1462,2,0,0,0,0,0
95,"Lyon, John D.",University of Melbourne,1611,1,2171,1,0,0,0
1746,"Maberly, Edwin D.",Retired or Emeritus,2171,1,0,0,0,0,0
1238,"MacArthur, John B.",University of North Florida,2171,1,0,0,0,0,0
2930,"Macintosh, John C. C.",Not Found,2171,1,0,0,0,0,0
2266,"Macintosh, Norman B.",Deceased,543,6,0,0,0,0,0
487,"Mackey, James T.",California State University Sacramento,2171,1,0,0,0,0,0
2698,"Macnaughton, Alan",University of Waterloo,2171,1,0,0,0,0,0
660,"Madeo, Silvia A.",Retired or Emeritus,1462,2,0,0,0,0,0
2399,"Magliolo, Joseph",Southern Methodist University,667,5,0,0,0,0,0
2836,"Magner, Nace",Western Kentucky University,2171,1,0,0,0,0,0
309,"Mahenthiran, Sakthi",Butler University,2171,1,0,0,0,0,0
321,"Maher, Michael W.","University of California, Davis",1611,1,1070,3,0,0,0
1747,"Maier, Michael",University of Alberta,1047,2,1462,2,0,0,0
1748,"Maijoor, Steven J.",Practice,1611,1,1462,2,0,0,0
1121,"Mak, Bobby Wai-Yeong",Not Found,1611,1,2171,1,0,0,0
717,"Malmi, Teemu",Helsinki School of Economics,2171,1,0,0,0,0,0
1750,"Malmquist, David H.",Practice,2171,1,0,0,0,0,0
1106,"Malone, Charles F.",North Carolina A&T State University,2171,1,0,0,0,0,0
4350,"Malone, J. David",Weber State University,1611,1,2171,1,0,0,0
1751,"Maltby, Josephine",University of York,2171,1,0,0,0,0,0
609,"Manes, Rene P.",Retired or Emeritus,2171,1,0,0,0,0,0
1752,"Manicas, Peter",University of Hawaii at Manoa,2171,1,0,0,0,0,0
2574,"Manly, Tracy S.",University of Tulsa,1047,2,1462,2,0,0,0
303,"Mann, Harvey",Deceased,2171,1,0,0,0,0,0
1753,"Manninen, Ari",Not Found,2171,1,0,0,0,0,0
1174,"Manry, David",University of New Orleans,1611,1,2171,1,0,0,0
1755,"Manzano Tovar, Carolina",Universitat Rovira i Virgili.,2171,1,0,0,0,0,0
263,"Manzon, Gil B. Jr.",Boston College,1070,3,0,0,0,0,0
189,"Marais, M. Laurentius",Retired or Emeritus,2171,1,0,0,0,0,0
1756,"Maranto, Cheryl L.",Marquette University,2171,1,0,0,0,0,0
258,"Marchant, Garry",Not Found,1070,3,0,0,0,0,0
30,"Marden, Ronald E.",Appalachian State University,2171,1,0,0,0,0,0
2318,"Margheim, Loren",University of San Diego,1462,2,0,0,0,0,0
3018,"Maris, Jo-Mae B.",Retired or Emeritus,1611,1,2171,1,0,0,0
1235,"Marques, Ana",Universidade Nova de Lisboa,1611,1,2171,1,0,0,0
1757,"Marra, Teye",University of Groningen,1611,1,2171,1,0,0,0
3019,"Marsh, Robert J.",Not Found,2171,1,0,0,0,0,0
3020,"Marshall, R. Scott",Portland State University,1611,1,2171,1,0,0,0
1758,"Martens, S. C.",Not Found,2171,1,0,0,0,0,0
1760,"Martikainen, Minna",Not Found,1611,1,2171,1,0,0,0
1761,"Martinez-Vasquez, Jorge",Georgia State University,2171,1,0,0,0,0,0
1185,"Martinov-Bennie, Nonna",University of Sydney,1611,1,2171,1,0,0,0
190,"Marxen, Dale E.",Not Found,2171,1,0,0,0,0,0
19,"Mason, J. David",University of Alaska Anchorage,1611,1,2171,1,0,0,0
3021,"Masoner, Michael M.",Retired or Emeritus,2171,1,0,0,0,0,0
2518,"Masselli, John J.",Texas Tech University,1047,2,1070,3,0,0,0
572,"Massey, Dawn W.",Fairfield University,1611,1,2171,1,0,0,0
3022,"Matherly, Michele",Xavier University,1611,1,2171,1,0,0,0
2879,"Mathieu, Robert",Wilfrid Laurier University,1611,1,2171,1,0,0,0
300,"Mattessich, Richard",Retired or Emeritus,1611,1,1462,2,0,0,0
191,"Maupin, Rebeka J.",Not Found,2171,1,0,0,0,0,0
1097,"Mautz, R. David",University of North Carolina Wilmington,1462,2,0,0,0,0,0
2926,"Mawani, Amin",York University,1611,1,1462,2,0,0,0
1765,"May, Jerrold H.",University of Pittsburgh,2171,1,0,0,0,0,0
2535,"May, Robert G.",University of Texas at Austin,2171,1,0,0,0,0,0
1766,"Mayers, David",Retired or Emeritus,2171,1,0,0,0,0,0
1186,"Mayorga, Diane",UNSW Sydney,1611,1,2171,1,0,0,0
1247,"Mayper, Alan G.",Deceased,2171,1,0,0,0,0,0
1767,"Mazay, Veronique",Not Found,2171,1,0,0,0,0,0
1768,"Mazur, Mark J.",Practice,2171,1,0,0,0,0,0
2451,"Mc Ewen, Ruth Ann",Florida International University,1611,1,1462,2,0,0,0
1769,"McBarnet, Doreen",University of Oxford,2171,1,0,0,0,0,0
1770,"McCabe, Kevin A.",George Mason University,1462,2,0,0,0,0,0
480,"McCabe, R. K.",Retired or Emeritus,2171,1,0,0,0,0,0
3025,"McCarthy, William E.",Michigan State University,1611,1,833,4,0,0,0
1771,"Mcclelland, Lawrence A.",Not Found,2171,1,0,0,0,0,0
2880,"Mcconomy, Bruce J.",Wilfrid Laurier University,2171,1,0,0,0,0,0
2467,"McElroy, Barbara",Susquehanna University,1611,1,2171,1,0,0,0
1772,"McElroy, James C.",Iowa State University,2171,1,0,0,0,0,0
522,"McEnroe, J. E.",DePaul University,2171,1,0,0,0,0,0
2501,"McGowan, Annie S.",Texas A&M University,1611,1,1462,2,0,0,0
2425,"McGowan, John R.",Saint Louis University,2171,1,0,0,0,0,0
1773,"McGrath, Neal T.",Practice,2171,1,0,0,0,0,0
2452,"McInnis, Morris",Retired or Emeritus,1462,2,0,0,0,0,0
610,"McIntyre, Edward V.",Retired or Emeritus,2171,1,0,0,0,0,0
2222,"McKeown, James C.",Retired or Emeritus,667,5,0,0,0,0,0
2735,"McKernan, John Francis",University of Glasgow,1611,1,2171,1,0,0,0
1774,"McKinley, William",Southern Illinois University,1611,1,1462,2,0,0,0
960,"McKinnon, Jill L.",Deceased,1611,1,833,4,0,0,0
1776,"McKinstry, Sam",University of the West of Scotland,1462,2,0,0,0,0,0
689,"McManus, Lisa",Griffith University,1611,1,2171,1,0,0,0
990,"McMickle, Peter L.",University of Memphis,1611,1,2171,1,0,0,0
2283,"McMullen, Dorothy Ann",Rider University,2171,1,0,0,0,0,0
1046,"McNair, Frances M.",Mississippi State University,1611,1,2171,1,0,0,0
1777,"McWatters, Cheryl S.",Ottawa University,1611,1,2171,1,0,0,0
751,"Meade, Janet A.",University of Houston,1070,3,0,0,0,0,0
1779,"Mehran, Hamid",Practice,1611,1,2171,1,0,0,0
1780,"Mehrez, Abraham",Not Found,2171,1,0,0,0,0,0
1781,"Meihuizen, Hanne E.",Not Found,1611,1,2171,1,0,0,0
2588,"Meixner, Wilda F.",Retired or Emeritus,2171,1,0,0,0,0,0
1783,"Mendoza, R.",Not Found,2171,1,0,0,0,0,0
1248,"Merino, Barbara D.",University of North Texas,2171,1,0,0,0,0,0
1785,"Merton, Robert C.",Retired or Emeritus,2171,1,0,0,0,0,0
2352,"Mest, David P.",Seton Hall University,2171,1,0,0,0,0,0
1786,"Meth, Bracha",Not Found,2171,1,0,0,0,0,0
953,"Meuwissen, Roger H. G.",Maastricht University,2171,1,0,0,0,0,0
1788,"Meyer, Marshall W.",University of Pennsylvania,1611,1,2171,1,0,0,0
2164,"Meyer, Michael",University of Notre Dame,2171,1,0,0,0,0,0
1789,"Mezias, Stephen J.",INSEAD,2171,1,0,0,0,0,0
690,"Mia, Lokman",Griffith University,2171,1,0,0,0,0,0
1790,"Michaels, Ronald E.",University of Central Florida,2171,1,0,0,0,0,0
1239,"Michelman, Jeffrey E.",University of North Florida,2171,1,0,0,0,0,0
1791,"Miharjo, Setiyono",Gadjah Mada University,1611,1,2171,1,0,0,0
57,"Mikhail, Michael B.",University of Illinois at Chicago,1047,2,833,4,0,0,0
1794,"Milgrom, Paul",Stanford University,2171,1,0,0,0,0,0
78,"Millar, James A.",Retired or Emeritus,1462,2,0,0,0,0,0
2299,"Miller, Allie F.",University of Wisconsin-Milwaukee,2171,1,0,0,0,0,0
2860,"Miller, Cathleen L.",Wayne State University,1047,2,1462,2,0,0,0
474,"Milliron, Valerie C.",California State University Chico,1462,2,0,0,0,0,0
2369,"Mills, Patricia Hughes",University of Southern California,1070,3,0,0,0,0,0
1796,"Mills, Tina Y.",Not Found,2171,1,0,0,0,0,0
1797,"Miltz, David",Not Found,2171,1,0,0,0,0,0
1798,"Ming, Jin",Not Found,2171,1,0,0,0,0,0
1799,"Minton, Bernadette A.",The Ohio State University,1611,1,2171,1,0,0,0
2307,"Miranti, Jr., Paul J.","Rutgers, The State University of New Jersey",2171,1,0,0,0,0,0
2553,"Mishra, Birendra K.","University of California, Riverside",1047,2,1070,3,0,0,0
1800,"Mishra, Suchismita",Florida International University,1047,2,1462,2,0,0,0
854,"Mitchell, A.",Retired or Emeritus,2171,1,0,0,0,0,0
1801,"Mitchell, Terence",University of Washington,2171,1,0,0,0,0,0
3026,"Mitchusson, Karen Holland",Heartland Community College,2171,1,0,0,0,0,0
2138,"Mittelstaedt, H. Fred",University of Notre Dame,1047,2,543,6,0,0,0
333,"Mittermaier, Linda J.",Capital University,2171,1,0,0,0,0,0
2754,"Mladenovic, Rosina",University of Sydney,2171,1,0,0,0,0,0
58,"Moeckel, Cindy",Retired or Emeritus,833,4,0,0,0,0,0
3115,"Moehrle, Stephen R.",University of Missouri- St. Louis,1611,1,2171,1,0,0,0
1802,"Moel, Alberto",Practice,1611,1,2171,1,0,0,0
1804,"Mohnen, Alwine",Technical University Munich,1611,1,2171,1,0,0,0
1095,"Mohrman, Mary Beth",University of Missouri- St. Louis,2171,1,0,0,0,0,0
1211,"Mohrweis, Lawrence C.",Northern Arizona University,2171,1,0,0,0,0,0
1805,"Moller, Hans Peter",Not Found,2171,1,0,0,0,0,0
1806,"Mollona, Massimiliano",University of London,1611,1,2171,1,0,0,0
782,"Molloy, Karen H.",University of Illinois at Urbana-Champaign,2171,1,0,0,0,0,0
2768,"Monden, Yasuhiro",Retired or Emeritus,2171,1,0,0,0,0,0
2650,"Monem, Reza M.",Griffith University,1611,1,2171,1,0,0,0
1807,"Monks, Kathy",Retired or Emeritus,2171,1,0,0,0,0,0
1277,"Monsen, Norvald",Norwegian School of Economics,2171,1,0,0,0,0,0
1809,"Mookherjee, Dilip",Boston University,1462,2,0,0,0,0,0
1811,"Moon, Philip",Not Found,2171,1,0,0,0,0,0
2689,"Moore, David Chioni",Retired or Emeritus,2171,1,0,0,0,0,0
1812,"Moore, Giora",Not Found,2171,1,0,0,0,0,0
2267,"Moore, John C.",Queen's University,2171,1,0,0,0,0,0
481,"Moore, Michael L.",Retired or Emeritus,2171,1,0,0,0,0,0
2150,"Moore, Ronald K.",Not Found,2171,1,0,0,0,0,0
259,"Moores, Ken",Bond University,2171,1,0,0,0,0,0
1813,"Morck, Randall",University of Alberta,1611,1,2171,1,0,0,0
1000,"Moreland, Keith A.",University of Michigan-Flint,2171,1,0,0,0,0,0
2882,"Morgan, John",Winona State University,2171,1,0,0,0,0,0
2606,"Moriarity, Shane",Retired or Emeritus,2171,1,0,0,0,0,0
831,"Morris, Deigan",INSEAD,1070,3,0,0,0,0,0
2139,"Morris, Michael H.",University of Notre Dame,1462,2,0,0,0,0,0
2589,"Morris, Roselyn E.",Texas State University,1462,2,0,0,0,0,0
1816,"Morris, Timothy",University of Oxford,2171,1,0,0,0,0,0
1817,"Morrow, Paula C.",Iowa State University,1462,2,0,0,0,0,0
194,"Morsfield, Suzanne G.",Practice,1611,1,2171,1,0,0,0
1818,"Morton, Sanford",Not Found,2171,1,0,0,0,0,0
783,"Mosebach, Michael",University of Toledo,1611,1,2171,1,0,0,0
1167,"Mouck, Tom",Retired or Emeritus,1611,1,1070,3,0,0,0
2182,"Mowen, Maryanne M.",Oklahoma State University,2171,1,0,0,0,0,0
1821,"Moyer, Susan E.",Practice,1611,1,1070,3,0,0,0
614,"Mozes, Haim A.",Fordham University,1462,2,0,0,0,0,0
2891,"Mucklow, Belinda",University of Wisconsin-Madison,2171,1,0,0,0,0,0
2662,"Mueller, Frank.",Newcastle University,1611,1,2171,1,0,0,0
1041,"Mukherji, Arijit",Deceased,543,6,0,0,0,0,0
1822,"Mukhopadhyay, Tridas",Carnegie Mellon University,2171,1,0,0,0,0,0
195,"Munter, Paul",Practice,2171,1,0,0,0,0,0
1824,"Murnighan, J. Keith",Northwestern University,2171,1,0,0,0,0,0
2494,"Murphy, Daniel P.",University of Tennessee Knoxville,1462,2,0,0,0,0,0
3028,"Murphy, David S.",Lynchburg College,1462,2,0,0,0,0,0
2183,"Murphy, Kevin E.",Retired or Emeritus,2171,1,0,0,0,0,0
420,"Murray, Dennis",University of Colorado Denver,833,4,0,0,0,0,0
674,"Mutchler, Jane F.",Purdue University Northwest,667,5,0,0,0,0,0
2874,"Muzatko, Steven R.",University of Wisconsin-Green Bay,1611,1,2171,1,0,0,0
1826,"Myers, Stewart C.",Massachusetts Institute of Technology,1611,1,2171,1,0,0,0
196,"Mynatt, Patricia G.",University of North Carolina at Charlotte,1462,2,0,0,0,0,0
3029,"Nagoda, Robert John",Webber International University,2171,1,0,0,0,0,0
984,"Nainar, S. M. Khalid",McMaster University,2171,1,0,0,0,0,0
1829,"Nalebuff, Barry",Yale University,2171,1,0,0,0,0,0
1830,"Nandhakumar, Joe",University of Warwick,2171,1,0,0,0,0,0
100,"Nanni, Alfred J. Jr.",Babson College,2171,1,0,0,0,0,0
484,"Natarajan, Ashok",Not Found,1611,1,2171,1,0,0,0
1833,"Nath, Deepika",Practice,2171,1,0,0,0,0,0
1993,"Nathan, Siva",Georgia State University,1070,3,0,0,0,0,0
532,"Ndubizu, Gordian A.",Drexel University,1611,1,2171,1,0,0,0
1836,"Neale, Margaret A.",Stanford University,2171,1,0,0,0,0,0
2704,"Neidermeyer, Presha E.",West Virginia University,2171,1,0,0,0,0,0
950,"Nelson, John S.",Retired or Emeritus,2171,1,0,0,0,0,0
3030,"Nelson, Kay",Southern Illinois University,1611,1,2171,1,0,0,0
618,"Nelson, Martha Krug",Not Found,2171,1,0,0,0,0,0
1838,"Ness, George Van",Practice,2171,1,0,0,0,0,0
1839,"Neter, John",Retired or Emeritus,1462,2,0,0,0,0,0
3031,"Newman, Mike",University of Manchester,2171,1,0,0,0,0,0
197,"Newton, James D",Not Found,2171,1,0,0,0,0,0
3033,"Ng, Joeson Jun-Jin",Practice,1611,1,2171,1,0,0,0
2583,"Nichols, Donald R.",Not Found,2171,1,0,0,0,0,0
855,"Nichols, Nancy B.",James Madison University,1611,1,1462,2,0,0,0
2140,"Nichols, William D.",University of Notre Dame,2171,1,0,0,0,0,0
1843,"Nicholson, Nigel",London Business School,1611,1,2171,1,0,0,0
1844,"Niskala, Mikael",Practice,2171,1,0,0,0,0,0
1845,"Niskanen, Jyrki",University of Eastern Finland,2171,1,0,0,0,0,0
2881,"Niu, Flora F.",Wilfrid Laurier University,1611,1,2171,1,0,0,0
365,"Noe, Christopher F.",Retired or Emeritus,1070,3,0,0,0,0,0
198,"Noel, James",Southern Methodist University,1611,1,1462,2,0,0,0
977,"Nogler, George E.",Retired or Emeritus,2171,1,0,0,0,0,0
753,"Noland, Thomas R.",University of Houston,2171,1,0,0,0,0,0
2663,"Noreen, Eric W.",Retired or Emeritus,667,5,0,0,0,0,0
4347,"Normand, Carol J.",University of Wisconsin-Whitewater,1611,1,2171,1,0,0,0
1846,"Norreklit, Hanne S. O.",Aarhus University,1047,2,1462,2,0,0,0
1848,"Northcott, Deryl",Auckland University of Technology,1611,1,2171,1,0,0,0
199,"Northcut, W. Dana",Practice,2171,1,0,0,0,0,0
2782,"Novack, Garth F.",University of Washington-Tacoma,1047,2,1070,3,0,0,0
1849,"Nutt, Stacey R.",Practice,2171,1,0,0,0,0,0
2599,"Nwaeze, Emeka A.",University of Texas at San Antonio,1611,1,1070,3,0,0,0
347,"O`Brien, John R.",Carnegie Mellon University,1462,2,0,0,0,0,0
2240,"O`Bryan, David",Pittsburg State University,1611,1,1462,2,0,0,0
3038,"O`Grady, Winnie",University of Auckland,2171,1,0,0,0,0,0
2613,"O`Hanlon, John F.",Lancaster University,752,3,1070,3,0,0,0
1586,"O`Hogartaigh, Ciaran",University College Dublin,1611,1,2171,1,0,0,0
2196,"O`Keefe, Terrence B.",University of Oregon,543,6,0,0,0,0,0
3040,"O`Leary, Daniel E.",University of Southern California,1070,3,0,0,0,0,0
1853,"O`Neil, Cherie J.",Not Found,2171,1,0,0,0,0,0
1168,"Oakes, Leslie S.",University of New Mexico,667,5,0,0,0,0,0
23,"Odaiyappa, Ramasamy",Deceased,2171,1,0,0,0,0,0
3039,"Oh, Wonseok",Korea Advanced Institute of Science and Technology,1611,1,2171,1,0,0,0
2808,"Oler, Mitchell",Virginia Tech,1611,1,2171,1,0,0,0
1854,"Opler, Tim C.",Practice,2171,1,0,0,0,0,0
1855,"Ordelheide, Dieter",Deceased,2171,1,0,0,0,0,0
1149,"Ortman, Richard",Retired or Emeritus,1611,1,2171,1,0,0,0
2614,"Otley, David T.",Lancaster University,1047,2,543,6,0,0,0
2334,"Ou, Jane A.",Santa Clara University,2171,1,0,0,0,0,0
1856,"Outram, Quentin",University of Leeds,2171,1,0,0,0,0,0
1024,"Outslay, Edmund",Michigan State University,2171,1,0,0,0,0,0
1858,"Pacheco, Gail",Auckland University of Technology,1611,1,2171,1,0,0,0
2268,"Pae, Jinhan",Korea University,1047,2,1462,2,0,0,0
1113,"Pagach, Donald P.",North Carolina State University,1070,3,0,0,0,0,0
2646,"Page, Michael J.",Retired or Emeritus,2171,1,0,0,0,0,0
201,"Paik, Tae-Young",Sungkyunkwan University,2171,1,0,0,0,0,0
704,"Palepu, Krishna G.",Harvard University,1611,1,446,7,0,0,0
332,"Pallot, June",Deceased,2171,1,0,0,0,0,0
554,"Palmer, Richard J.",Southeast Missouri State University,2171,1,0,0,0,0,0
1860,"Pan, Aixiang",Beijing Technology and Business University,1611,1,2171,1,0,0,0
1861,"Panozzo, Fabrizio",Ca Foscari University of Venice,2171,1,0,0,0,0,0
2453,"Pant, Laurie W.",Practice,1611,1,833,4,0,0,0
2743,"Paquette, Suzanne M.",Laval University,1047,2,1462,2,0,0,0
3041,"Paradice, David B.",Florida State University,2171,1,0,0,0,0,0
527,"Park, Jaewan",Dongguk University,2171,1,0,0,0,0,0
203,"Park, Kyungjoo",Not Found,1611,1,1462,2,0,0,0
204,"Park, Taewoo",Not Found,2171,1,0,0,0,0,0
1059,"Parker, James E.",Retired or Emeritus,2171,1,0,0,0,0,0
812,"Parry, Robert W.",Retired or Emeritus,2171,1,0,0,0,0,0
2519,"Pasewark, William R.",Texas Tech University,1047,2,833,4,0,0,0
2466,"Pastena, Victor S.",Deceased,667,5,0,0,0,0,0
822,"Patterson, Evelyn R.",Indiana University Indianapolis,393,5,446,7,0,0,0
2247,"Patton, James M.",University of Pittsburgh,2171,1,0,0,0,0,0
619,"Patton, Terry K.",Retired or Emeritus,1611,1,2171,1,0,0,0
2184,"Patz, Dennis H.",Not Found,2171,1,0,0,0,0,0
3042,"Paul, Jack W.",Retired or Emeritus,2171,1,0,0,0,0,0
1114,"Peace, Robert L.",North Carolina State University,2171,1,0,0,0,0,0
708,"Pearson, Thomas C.",University of Hawaii at Manoa,2171,1,0,0,0,0,0
2839,"Pearson, Tim",Georgia Southern University,2171,1,0,0,0,0,0
2747,"Pedwell, Kathryn",Ottawa University,2171,1,0,0,0,0,0
2834,"Peek, Lucia E.",Retired or Emeritus,2171,1,0,0,0,0,0
881,"Peffer, Sean A.",University of Kentucky,393,5,446,7,0,0,0
61,"Pei, Buck K. W.",Arizona State University,1611,1,1070,3,0,0,0
1862,"Peiperl, Maury",International Institute for Management Development,2171,1,0,0,0,0,0
712,"Peles, Yoram C.",Not Found,2171,1,0,0,0,0,0
3043,"Peng, Jacob",Robert Morris University,1611,1,2171,1,0,0,0
1025,"Pentland, Brian T.",Michigan State University,1070,3,0,0,0,0,0
961,"Perera, Sujatha",Macquarie University,2171,1,0,0,0,0,0
2427,"Persellin, Mark B.",St. Mary`s University,2171,1,0,0,0,0,0
948,"Peters, James M.",New Mexico Highlands University,1070,3,0,0,0,0,0
1864,"Peters, Katharina",Not Found,2171,1,0,0,0,0,0
2793,"Peters, Michael F.",Villanova University,1611,1,833,4,0,0,0
1866,"Peterson, Craig A.",Western Michigan University,2171,1,0,0,0,0,0
2688,"Petty, Richard",Macquarie University,2171,1,0,0,0,0,0
1867,"Pfaff, Dieter",University of Zurich,1611,1,2171,1,0,0,0
969,"Pfeiffer, Ray J.",Texas Christian University,1611,1,833,4,0,0,0
2250,"Philbrick, Donna R.",Portland State University,543,6,0,0,0,0,0
997,"Philipich, Kirk L.",University of Michigan-Dearborn,1611,1,2171,1,0,0,0
1868,"Philipoom, Patrick R.",University of South Carolina,1611,1,2171,1,0,0,0
2339,"Phillips, Fred",University of Saskatchewan,1462,2,0,0,0,0,0
1869,"Picciotto, Sol",Retired or Emeritus,2171,1,0,0,0,0,0
534,"Pierce, Bernard J.",Dublin City University,1462,2,0,0,0,0,0
2538,"Platt, David E.",University of Texas at Austin,1611,1,2171,1,0,0,0
451,"Plesko, George A.",University of Connecticut,752,3,667,5,0,0,0
2775,"Plumlee, R. David",University of Utah,1611,1,1462,2,0,0,0
33,"Podolsky, Catherine Finger",Saint Mary`s College of California,2171,1,0,0,0,0,0
882,"Poe, C. Douglas",Retired or Emeritus,2171,1,0,0,0,0,0
1871,"Pollanen, Raili M.",Carleton University,2171,1,0,0,0,0,0
205,"Ponemon, Lawrence A.",Practice,230,10,0,0,0,0,0
1872,"Poole, M.",Practice,2171,1,0,0,0,0,0
406,"Poon, Margaret C. C.",City University of Hong Kong,2171,1,0,0,0,0,0
1873,"Porter, Theodore M.","University of California, Los Angeles",2171,1,0,0,0,0,0
3046,"Poston, Robin S.",University of Memphis,2171,1,0,0,0,0,0
466,"Potter, Gordon",Cornell University,372,8,0,0,0,0,0
2755,"Poullaos, Chris",University of Sydney,1611,1,1070,3,0,0,0
206,"Pourciau, Susan",Practice,1462,2,0,0,0,0,0
418,"Poznanski, Peter J.",Cleveland State University,2171,1,0,0,0,0,0
754,"Pratt, Jamie H.",Indiana University Bloomington,547,4,153,12,0,0,0
1874,"Pretes, Michael",University of North Alabama,2171,1,0,0,0,0,0
353,"Previts, Gary John",Case Western Reserve University,2171,1,0,0,0,0,0
1250,"Price, John E.",University of North Texas at Dallas,1611,1,2171,1,0,0,0
1876,"Procassini, Andrew",Deceased,2171,1,0,0,0,0,0
3047,"Pushkin, Ann B.",Retired or Emeritus,2171,1,0,0,0,0,0
1878,"Puxty, Anthony G.",Retired or Emeritus,1462,2,0,0,0,0,0
858,"Pyo, Youngin",Kangwon National University,2171,1,0,0,0,0,0
207,"Qi, Daqing",Cheung Kong Graduate School of Business,1047,2,1462,2,0,0,0
208,"Qiang, Xinrong",Xiamen University,1611,1,2171,1,0,0,0
1880,"Qiu, Travis Hui",Practice,1611,1,2171,1,0,0,0
1881,"Quick, Reiner",Darmstadt University of Technology,2171,1,0,0,0,0,0
2414,"Quilliam, William C.",Retired or Emeritus,2171,1,0,0,0,0,0
2934,"Quirmbach, Herman C.",Iowa State University,2171,1,0,0,0,0,0
1882,"Raabe, William A.",University of Wisconsin-Whitewater,2171,1,0,0,0,0,0
2865,"Radcliffe, Vaughan S.",Western University,1611,1,667,5,0,0,0
3048,"Ragu-Nathan, Bhanu",University of Toledo,2171,1,0,0,0,0,0
3049,"Ragu-Nathan, T.S.",University of Toledo,2171,1,0,0,0,0,0
2907,"Rai, Atul",Wichita State University,1611,1,2171,1,0,0,0
766,"Ramakrishnan, Ram T. S.",University of Illinois at Chicago,1462,2,0,0,0,0,0
1581,"Ramamoorti, Sridhar",Kennesaw State University,1611,1,2171,1,0,0,0
2141,"Ramanan, Ramachandran",University of Notre Dame,833,4,0,0,0,0,0
2665,"Ramanathan, Kavasseri V.",Retired or Emeritus,2171,1,0,0,0,0,0
2776,"Randall, Taylor",University of Utah,1611,1,1462,2,0,0,0
517,"Randolph, David W.",Xavier University,1611,1,2171,1,0,0,0
209,"Rangan, Srinivasan",Indian Institute of Management-Bangalore,1611,1,1070,3,0,0,0
2559,"Rankine, Graeme W.",Thunderbird School of Global Management,2171,1,0,0,0,0,0
210,"Rao, Gita R.",Practice,2171,1,0,0,0,0,0
89,"Rasch, Ronald H.",Retired or Emeritus,1070,3,0,0,0,0,0
1885,"Rasp, John",Stetson University,2171,1,0,0,0,0,0
552,"Rau, Stephen E.",Duquesne University,1462,2,0,0,0,0,0
4358,"Raval, Vasant",Creighton University,2171,1,0,0,0,0,0
3051,"Ray, Amy W.",Not Found,1611,1,2171,1,0,0,0
1042,"Rayburn, Judy D.",University of Minnesota,833,4,0,0,0,0,0
2286,"Rebele, James E.",Robert Morris University,2171,1,0,0,0,0,0
2487,"Reeb, David M.",National University of Singapore,1047,2,1462,2,0,0,0
401,"Reed, Margaret P.",University of Cincinnati,1611,1,2171,1,0,0,0
212,"Reeve, James M.",Retired or Emeritus,2171,1,0,0,0,0,0
1089,"Regel, Roy W.",Retired or Emeritus,2171,1,0,0,0,0,0
64,"Regier, Philip R.",Arizona State University,833,4,0,0,0,0,0
1888,"Reidenbach, R. Eric",Not Found,2171,1,0,0,0,0,0
2252,"Reis, Ricardo F.",Universidade Catolica Portuguesa,1611,1,2171,1,0,0,0
2459,"Reiter, Sara Ann",Binghamton University,1611,1,1070,3,0,0,0
1890,"Reitsperger, Wolf D.",Retired or Emeritus,1462,2,0,0,0,0,0
1891,"Rendleman, Richard J.",University of North Carolina at Chapel Hill,2171,1,0,0,0,0,0
65,"Reneau, J. Hal",Deceased,1070,3,0,0,0,0,0
257,"Renner, Celia J.",Retired or Emeritus,2171,1,0,0,0,0,0
1892,"Rennie, Richard D.",Not Found,2171,1,0,0,0,0,0
3053,"Reuber, A. Rebecca",University of Toronto,2171,1,0,0,0,0,0
1267,"Revsine, Lawrence",Deceased,2171,1,0,0,0,0,0
1893,"Reynolds, Stanley S.",University of Arizona,2171,1,0,0,0,0,0
1894,"Rhee, S. Ghon",University of Hawaii at Manoa,1611,1,2171,1,0,0,0
1895,"Rhie, Jung-Wu",Deceased,1611,1,2171,1,0,0,0
2794,"Rhoades, Shelley C.",Villanova University,833,4,0,0,0,0,0
1896,"Rhoads, Gary K.",Brigham Young University,2171,1,0,0,0,0,0
1897,"Riccaboni, Angelo",University of Siena,2171,1,0,0,0,0,0
2809,"Richardson, Frederick M.",Retired or Emeritus,1070,3,0,0,0,0,0
1899,"Richter, Martin",Retired or Emeritus,1611,1,2171,1,0,0,0
1698,"Richtermeyer, Sandra B.",Xavier University,1611,1,2171,1,0,0,0
215,"Ricks, William E.",Practice,1462,2,0,0,0,0,0
2402,"Riffe, Susan",Southern Methodist University,2171,1,0,0,0,0,0
1047,"Rigsby, John T.",Mississippi State University,1070,3,0,0,0,0,0
1900,"Rimbey, James N.",Not Found,2171,1,0,0,0,0,0
746,"Ritsema, Christina M.",Not Found,1611,1,2171,1,0,0,0
1901,"Roan, Jin-Sheng",National Chung Cheng University,2171,1,0,0,0,0,0
1902,"Roberts, Alan",Not Found,2171,1,0,0,0,0,0
1704,"Roberts, Douglas F.",Appalachian State University,1611,1,2171,1,0,0,0
1903,"Roberts, Jennifer",Not Found,2171,1,0,0,0,0,0
3482,"Roberts, John (economics)",Retired or Emeritus,2171,1,0,0,0,0,0
2539,"Robertson, Jack C.",Retired or Emeritus,2171,1,0,0,0,0,0
1906,"Robin, Donald P.",Retired or Emeritus,2171,1,0,0,0,0,0
275,"Rogers, Rodney K.",Bowling Green State University,1611,1,2171,1,0,0,0
1907,"Rogerson, William P.",Northwestern University,2171,1,0,0,0,0,0
3054,"Rohde, Fiona H.",University of Queensland,1611,1,2171,1,0,0,0
914,"Rohrbach, Kermit J.",Not Found,833,4,0,0,0,0,0
216,"Rolfe, Robert J.",University of South Carolina,2171,1,0,0,0,0,0
4357,"Romney, Marshall B.",Brigham Young University,2171,1,0,0,0,0,0
1202,"Ronen, Joshua",New York University,752,3,667,5,0,0,0
3055,"Roohani, Saeed J.",Bryant University,1611,1,2171,1,0,0,0
1909,"Roosenboom, Peter",Erasmus University Rotterdam,1611,1,2171,1,0,0,0
1910,"Rose, Nikolas",King`s College London,2171,1,0,0,0,0,0
1911,"Rosenfeld, James",Emory University,2171,1,0,0,0,0,0
411,"Rosett, Joshua G.",Claremont McKenna College,2171,1,0,0,0,0,0
1912,"Roshwalb, Alan",Practice,2171,1,0,0,0,0,0
1913,"Ross, Andrew",Not Found,2171,1,0,0,0,0,0
4354,"Ross, Barbara Waddington",Eastern Michigan University,1611,1,1462,2,0,0,0
2372,"Roussey, Robert S.",Retired or Emeritus,1462,2,0,0,0,0,0
3057,"Rowley, Thomas H.",Not Found,2171,1,0,0,0,0,0
1914,"Rubenstein, Daniel Blake",Retired or Emeritus,2171,1,0,0,0,0,0
1154,"Ruchala, Linda V.",University of Nebraska-Lincoln,1462,2,0,0,0,0,0
1188,"Ruddock, Caitlin",Not Found,1611,1,2171,1,0,0,0
1096,"Rudolph, Holly R.",Murray State University,2171,1,0,0,0,0,0
3058,"Ruf, Bernadette M.",Delaware State University,2171,1,0,0,0,0,0
503,"Ruland, William",Baruch College-The City University of New York,2171,1,0,0,0,0,0
217,"Russell, John D.",Not Found,2171,1,0,0,0,0,0
2590,"Rutledge, Robert W.",Texas State University,1462,2,0,0,0,0,0
2488,"Ryan, David H.",Temple University,2171,1,0,0,0,0,0
3059,"Sabherwal, Rajiv",University of Arkansas,2171,1,0,0,0,0,0
218,"Sabino, Jowell S.",Not Found,1611,1,1462,2,0,0,0
1915,"Safieddine, Assem",American University of Beirut,2171,1,0,0,0,0,0
219,"Sahay, Savita A.","Rutgers, The State University of New Jersey",1611,1,1462,2,0,0,0
2567,"Said, Amal A.",University of Toledo,1047,2,1462,2,0,0,0
803,"Salamon, Gerald L.",Retired or Emeritus,1047,2,1070,3,0,0,0
2875,"Salatka, William K.",Wilfrid Laurier University,2171,1,0,0,0,0,0
2810,"Salbador, Debra A.",Virginia Tech,1611,1,2171,1,0,0,0
2432,"Saly, P. Jane",University of St. Thomas,2171,1,0,0,0,0,0
434,"Samelson, Donald P.",Colorado State University,2171,1,0,0,0,0,0
15,"Samson, William D",Deceased,2171,1,0,0,0,0,0
2224,"Samuel, Sajay",Pennsylvania State University,1047,2,1070,3,0,0,0
2869,"Sanders, George",Western Washington University,2171,1,0,0,0,0,0
2315,"Sangster, Alan",Griffith University,2171,1,0,0,0,0,0
1918,"Sankar, Mandira Roy",Not Found,1462,2,0,0,0,0,0
1919,"Santos, Joao A. C.",University of Essex,1611,1,2171,1,0,0,0
504,"Sarath, Bharat","Rutgers, The State University of New Jersey",752,3,1070,3,0,0,0
1117,"Saravanamuthu, Kala",University of Newcastle Australia,1611,1,2171,1,0,0,0
1921,"Sarkar, Sudipto",McMaster University,1611,1,2171,1,0,0,0
3061,"Saunders, Laura",Practice,1611,1,2171,1,0,0,0
1922,"Sawabe, Norio",Kyoto University,1462,2,0,0,0,0,0
1115,"Sawyers, Roby B.",North Carolina State University,833,4,0,0,0,0,0
1924,"Scandura, Terri A.",University of Miami,2171,1,0,0,0,0,0
304,"Scarbrough, D. Paul",Brock University,2171,1,0,0,0,0,0
2902,"Schadewald, Michael S.",University of Wisconsin-Milwaukee,833,4,0,0,0,0,0
1925,"Schaefer, Scott",University of Utah,1611,1,1462,2,0,0,0
2143,"Schaefer, Thomas F.",University of Notre Dame,1462,2,0,0,0,0,0
276,"Schauer, Paul C.",Bowling Green State University,2171,1,0,0,0,0,0
1927,"Schick, Allen G.",University of Maryland,1070,3,0,0,0,0,0
2568,"Schiff, Andrew D.",Towson University,2171,1,0,0,0,0,0
558,"Schisler, Dan L.",East Carolina University,2171,1,0,0,0,0,0
1928,"Schmee, Josef",Retired or Emeritus,2171,1,0,0,0,0,0
220,"Schmidt, Tom",Not Found,2171,1,0,0,0,0,0
2584,"Schneible, Richard A.",University at Albany – State University of New York,1611,1,2171,1,0,0,0
680,"Schneider, Arnold",Georgia Institute of Technology,833,4,0,0,0,0,0
1929,"Schneider, Linda G.",Not Found,2171,1,0,0,0,0,0
1930,"Schneider, Sandra L.",University of South Florida,2171,1,0,0,0,0,0
1931,"Scholes, Myron S.",Retired or Emeritus,2171,1,0,0,0,0,0
2893,"Schroeder, Roger G.",Retired or Emeritus,1611,1,1070,3,0,0,0
1932,"Schuler, Drue K.",Deceased,2171,1,0,0,0,0,0
1933,"Schulman, Craig T.",Texas A&M University,1611,1,2171,1,0,0,0
221,"Schwartz, Bill N.",Stevens Institute of Technology,2171,1,0,0,0,0,0
265,"Schwartz, Kenneth B.",Boston College,1070,3,0,0,0,0,0
799,"Schwartz, Rachel",University of Illinois at Urbana-Champaign,1047,2,446,7,0,0,0
1934,"Schweiker, William",University of Chicago,1462,2,0,0,0,0,0
2580,"Scofield, Stephen B.",Deceased,1047,2,1462,2,0,0,0
2700,"Scott, William R.",Retired or Emeritus,2171,1,0,0,0,0,0
2729,"Seal, Willie",Loughborough University,1611,1,2171,1,0,0,0
985,"Seaman, Alfred E.",Not Found,2171,1,0,0,0,0,0
3062,"Searcy, DeWayne L.",Auburn University,1611,1,2171,1,0,0,0
2777,"Searfoss, D. Gerlad",Retired or Emeritus,1611,1,2171,1,0,0,0
3064,"Seddon, Peter B.",University of Melbourne,1070,3,0,0,0,0,0
1935,"Sedo, Stanley",University of Michigan,2171,1,0,0,0,0,0
2667,"Sefcik, Stephan E.",University of Washington,667,5,0,0,0,0,0
2144,"Seida, Jim A.",University of Notre Dame,1047,2,543,6,0,0,0
1936,"Selfridge, Mallory",Not Found,2171,1,0,0,0,0,0
1206,"Sellers, Keith F.",University of Denver,2171,1,0,0,0,0,0
223,"Selling, Thomas I.",Practice,1070,3,0,0,0,0,0
426,"Selto, Frank H.",University of Colorado at Boulder,1611,1,372,8,0,0,0
402,"Sen, Pradyot K.",University of Washington,1070,3,0,0,0,0,0
624,"Sengupta, Partha",Not Found,1611,1,1462,2,0,0,0
2750,"Senkow, David W.",University of Regina,2171,1,0,0,0,0,0
2149,"Sennetti, John T.",Nova Southeastern University,1462,2,0,0,0,0,0
677,"Sevcik, Galen R.",Georgia State University,1047,2,446,7,0,0,0
2736,"Shackleton, Ken",Retired or Emeritus,2171,1,0,0,0,0,0
2308,"Shafer, Glenn R.","Rutgers, The State University of New Jersey",1462,2,0,0,0,0,0
1938,"Shah, Atul K.",Practice,2171,1,0,0,0,0,0
515,"Shank, John K.",Deceased,2171,1,0,0,0,0,0
1879,"Shank, Matthew D.",Loyola Marymount University,1611,1,2171,1,0,0,0
1940,"Shanken, Jay",Emory University,2171,1,0,0,0,0,0
1941,"Shanteau, James",Kansas State University,1611,1,2171,1,0,0,0
1942,"Sharbatoghlie, Ahmad",Sharif University of Technology,1611,1,2171,1,0,0,0
2867,"Sharp, David J.",Western University,1611,1,1070,3,0,0,0
2505,"Shaub, Michael K.",Texas A&M University,1070,3,0,0,0,0,0
1943,"Shaw, Karyll N.",Michigan State University,2171,1,0,0,0,0,0
2572,"Shaw, Pamela Erickson",Not Found,1070,3,0,0,0,0,0
2506,"Shearon, Winston T.",Retired or Emeritus,1462,2,0,0,0,0,0
986,"Shehata, Mohamed",McMaster University,667,5,0,0,0,0,0
523,"Shelton, Sandra Waller",DePaul University,2171,1,0,0,0,0,0
3065,"Sherer, Susan A.",Lehigh University,2171,1,0,0,0,0,0
2393,"Shields, J. F.",Michigan State University,2171,1,0,0,0,0,0
1945,"Shiptsova, Rimma",Practice,2171,1,0,0,0,0,0
1946,"Shivdasani, Anil",University of North Carolina at Chapel Hill,2171,1,0,0,0,0,0
1155,"Shoemaker, Paul A.",University of Nebraska-Lincoln,1611,1,2171,1,0,0,0
2669,"Shores, D.",University of Washington,833,4,0,0,0,0,0
68,"Shriver, Keith A.",Retired or Emeritus,1462,2,0,0,0,0,0
1949,"Siegel, Andrew F.",University of Washington,1462,2,0,0,0,0,0
225,"Siegel, Philip H.",Not Found,1462,2,0,0,0,0,0
1950,"Siitonen, Arto",University of Helsinki,2171,1,0,0,0,0,0
2294,"Sim, Khim Ling",Western Washington University,2171,1,0,0,0,0,0
2815,"Simko, Paul J. -",,1047,2,833,4,0,0,0
2725,"Simmons, Cynthia",University of Calgary,2171,1,0,0,0,0,0
226,"Simmons, Laura E.",Not Found,1611,1,2171,1,0,0,0
2146,"Simon, Daniel T.",Retired or Emeritus,1070,3,0,0,0,0,0
706,"Simons, Robert",Harvard University,2171,1,0,0,0,0,0
962,"Sin, Samantha",Macquarie University,1611,1,2171,1,0,0,0
3963,"Sinason, David H.",Northern Illinois University,1611,1,2171,1,0,0,0
1951,"Sincich, Terry L.",University of South Florida,2171,1,0,0,0,0,0
1952,"Sinclair, Amanda",University of Melbourne,2171,1,0,0,0,0,0
1953,"Singh, Jagdip",Case Western Reserve University,2171,1,0,0,0,0,0
1954,"Singh, Rajdeep",University of Minnesota,1611,1,2171,1,0,0,0
2424,"Single, Louise E.",St. Edward`s University,1047,2,1070,3,0,0,0
1955,"Sinha, Kingshuk K.",University of Minnesota,1611,1,2171,1,0,0,0
364,"Sinha, Praveen",California State University Long Beach,2171,1,0,0,0,0,0
553,"Sisaye, Seleshi",Duquesne University,1462,2,0,0,0,0,0
272,"Sivakumar, Kumar N.",Boston University,1047,2,833,4,0,0,0
834,"Sjoblom, Leif",International Institute for Management Development,2171,1,0,0,0,0,0
1956,"Skoog, Matti",Stockholm University,2171,1,0,0,0,0,0
1959,"Slovin, Myron B.",Retired or Emeritus,2171,1,0,0,0,0,0
3066,"Smedley, Georgia",University of Missouri Kansas City,1611,1,2171,1,0,0,0
2764,"Smieliauskas, Wally",University of Toronto,1070,3,0,0,0,0,0
1961,"Smith, Charles A.P.",Colorado State University,2171,1,0,0,0,0,0
1962,"Smith, Clifford W.",University of Rochester,1462,2,0,0,0,0,0
1963,"Smith, Edward F.",Practice,1611,1,2171,1,0,0,0
823,"Smith, J. Reed",Indiana University Indianapolis,752,3,301,9,0,0,0
2319,"Smith, James K.",University of San Diego,2171,1,0,0,0,0,0
2312,"Smith, Kenneth J.",Salisbury University,1462,2,0,0,0,0,0
1964,"Smith, Lloyd",Not Found,2171,1,0,0,0,0,0
277,"Snead, Kenneth C.",Bowling Green State University,1462,2,0,0,0,0,0
628,"Sneathen, L. Dwight",Georgia Southern University,1611,1,2171,1,0,0,0
1967,"Soane, Emma",Kingston University London,1611,1,2171,1,0,0,0
767,"Soffer, Leonard C.",University of Chicago,1070,3,0,0,0,0,0
2921,"Sohn, Sung Kyu",Yonsei University,2171,1,0,0,0,0,0
1968,"Sokobin, Jonathan",Practice,1611,1,2171,1,0,0,0
1969,"Solomans, David",Retired or Emeritus,2171,1,0,0,0,0,0
2404,"Sommers, Gregory A.",Southern Methodist University,1611,1,2171,1,0,0,0
228,"Soo, Lisa Gilbert",Not Found,2171,1,0,0,0,0,0
229,"Sparks, H. Charles",University of Alaska Fairbanks,2171,1,0,0,0,0,0
1970,"Spekle, Roland F.",Nyenrode Business University,2171,1,0,0,0,0,0
230,"Spero, Andrew E.",Practice,1611,1,2171,1,0,0,0
2607,"Spicer, Barry H.",University of Auckland,2171,1,0,0,0,0,0
2799,"Spindle, Roxanne",Virginia Commonwealth University,2171,1,0,0,0,0,0
1971,"Srinivasan, Kannan",Carnegie Mellon University,2171,1,0,0,0,0,0
678,"Sriram, Ram S.",Retired or Emeritus,1611,1,833,4,0,0,0
2627,"Stark, Andrew W.",University of Manchester,2171,1,0,0,0,0,0
1973,"Stathopoulos, Konstantinos",University of Manchester,1611,1,2171,1,0,0,0
1278,"Stefani, Ulrike",University of Konstanz,1611,1,2171,1,0,0,0
403,"Stephan, Jens",Eastern Michigan University,1462,2,0,0,0,0,0
2165,"Stephens, Ray G.",Ohio University,2171,1,0,0,0,0,0
801,"Stern, Jerrold J.",Indiana University Bloomington,1462,2,0,0,0,0,0
2167,"Stetson, Beth",Oklahoma City University,1611,1,2171,1,0,0,0
1976,"Steuer, Ralph E.",University of Georgia,2171,1,0,0,0,0,0
524,"Stevens, Kevin T.",DePaul University,2171,1,0,0,0,0,0
1519,"Stewart, Jenny",Griffith University,2171,1,0,0,0,0,0
2345,"Stewart, Ross E.",Seattle Pacific University,2171,1,0,0,0,0,0
288,"Stice, Earl K.",Brigham Young University,833,4,0,0,0,0,0
289,"Stice, James D.",Brigham Young University,1070,3,0,0,0,0,0
900,"Stickel, Scott E.",Not Found,1462,2,0,0,0,0,0
231,"Stinson, Christine H.",Ferrum College,833,4,0,0,0,0,0
2147,"Stober, Thomas L.",University of Notre Dame,1070,3,0,0,0,0,0
1978,"Stock, Maribeth J.",Practice,1611,1,2171,1,0,0,0
2166,"Stock, Toby",Ohio University,1611,1,1070,3,0,0,0
1051,"Stocks, Morris H.",University of Mississippi,1462,2,0,0,0,0,0
1979,"Stoelwinder, Johannes U.",Monash University,1462,2,0,0,0,0,0
2474,"Stokes, Donald J.",Monash University,752,3,667,5,0,0,0
1981,"Stoughton, Neil M.",Vienna University of Economics and Business,2171,1,0,0,0,0,0
2932,"Stout, David E.",Youngstown State University,2171,1,0,0,0,0,0
1982,"Stranahan, Harriet A.",University of North Florida,2171,1,0,0,0,0,0
1983,"Strang, Gilbert",Massachusetts Institute of Technology,2171,1,0,0,0,0,0
1984,"Strauss, Todd",Practice,2171,1,0,0,0,0,0
2508,"Strawser, Jerry R.",Texas A&M University,372,8,0,0,0,0,0
2353,"Strawser, Joyce A.",Seton Hall University,2171,1,0,0,0,0,0
1975,"Strawser, Robert H.",Texas A&M University,2171,1,0,0,0,0,0
518,"Street, Donna L.",University of Dayton,2171,1,0,0,0,0,0
1985,"Streeter, Denise W.",Old Dominion University,2171,1,0,0,0,0,0
232,"Streuly, Carolyn A.",Not Found,2171,1,0,0,0,0,0
2422,"Strong, Joel M.",St. Cloud State University,2171,1,0,0,0,0,0
1987,"Subramanian, Ajay",Georgia State University,1611,1,2171,1,0,0,0
3069,"Sudit, Ephraim F.",Retired or Emeritus,2171,1,0,0,0,0,0
5,"Suh, Yoon S.",Ewha Womans University (Korea),1070,3,0,0,0,0,0
1989,"Sullivan, John B.",Not Found,2171,1,0,0,0,0,0
1410,"Sullivan, Julie H.",University of St. Thomas,1611,1,133,13,0,0,0
938,"Sumners, Glenn E.",Louisiana State University,2171,1,0,0,0,0,0
2557,"Supattarakul, Somchai",Thammasat University,1611,1,2171,1,0,0,0
1990,"Suret, Jean-Marc",Laval University,1462,2,0,0,0,0,0
1991,"Sushka, Marie E.",Arizona State University,2171,1,0,0,0,0,0
2203,"Suzuki, Tomo",University of Oxford,547,4,833,4,0,0,0
290,"Swain, Monte R.",Brigham Young University,2171,1,0,0,0,0,0
2831,"Swanger, Susan L.",Western Carolina University,2171,1,0,0,0,0,0
3070,"Swanson, Julia A.",Not Found,2171,1,0,0,0,0,0
1996,"Sweeney, Richard J.",Georgetown University,2171,1,0,0,0,0,0
2374,"Swenson, Charles W.",University of Southern California,833,4,0,0,0,0,0
34,"Swenson, Dan W.",Arizona State University,1462,2,0,0,0,0,0
464,"Swieringa, Robert J.",Cornell University,2171,1,0,0,0,0,0
90,"Tabor, Richard H.",Retired or Emeritus,2171,1,0,0,0,0,0
1998,"Takatera, Sadao",Not Found,2171,1,0,0,0,0,0
1999,"Takeda, Carolyn",University of Florida,1462,2,0,0,0,0,0
490,"Tan, Kim B.",California State University Stanislaus,2171,1,0,0,0,0,0
1084,"Tanewski, George",Deakin University,2171,1,0,0,0,0,0
2001,"Tang, Kwei",Purdue University,2171,1,0,0,0,0,0
629,"Tarpley, Robin L.",George Washington University,1611,1,1462,2,0,0,0
233,"Tasker, Sarah C.","University of California, Berkeley",2171,1,0,0,0,0,0
2003,"Taylor, Phil",Not Found,2171,1,0,0,0,0,0
2640,"Taylor, Sarah J.",Not Found,1611,1,2171,1,0,0,0
234,"Teall, Howard D.",Deceased,2171,1,0,0,0,0,0
682,"Teets, Walter R.",Gonzaga University,1462,2,0,0,0,0,0
2004,"Tehranian, Hassan",Boston College,1611,1,833,4,0,0,0
2006,"Theoharakis, Vasilis",Alba (Greece),1611,1,2171,1,0,0,0
235,"Thiagarajan, S. Ramu",Practice,833,4,0,0,0,0,0
1141,"Thibodeau, Nicole",Willamette University,1611,1,2171,1,0,0,0
2253,"Thoman, Lynda",Purdue University,833,4,0,0,0,0,0
81,"Thomas, Deborah W.",Retired or Emeritus,1047,2,1462,2,0,0,0
2009,"Thompson, G. F.",Not Found,2171,1,0,0,0,0,0
2010,"Thompson, Grahame",Open University,2171,1,0,0,0,0,0
2011,"Thompson, Rex",Southern Methodist University,2171,1,0,0,0,0,0
25,"Thompson, Robert B.",Not Found,1611,1,833,4,0,0,0
2271,"Thornton, Daniel B.",Queen's University,1047,2,667,5,0,0,0
2012,"Thrane, Sof",Copenhagen Business School,1611,1,2171,1,0,0,0
1223,"Tidrick, Donald",Northern Illinois University,2171,1,0,0,0,0,0
2715,"Tiessen, Peter",Retired or Emeritus,1070,3,0,0,0,0,0
2577,"Tillinger, Janet W.",Not Found,2171,1,0,0,0,0,0
2013,"Tinic, Seha M.",Retired or Emeritus,2171,1,0,0,0,0,0
506,"Tinker, Tony",Baruch College-The City University of New York,1611,1,1070,3,0,0,0
3073,"Todd, John",California State University Long Beach,1611,1,2171,1,0,0,0
236,"Todd, Rebecca",Not Found,2171,1,0,0,0,0,0
3074,"Togo, Dennis F.",University of New Mexico,2171,1,0,0,0,0,0
2158,"Tomassini, Lawrence A.",The Ohio State University,2171,1,0,0,0,0,0
2014,"Tomkins, Cyril",Retired or Emeritus,2171,1,0,0,0,0,0
2015,"Tomlinson, Jim",Bloomsburg University,2171,1,0,0,0,0,0
237,"Tongtharadol, Vajana",Not Found,2171,1,0,0,0,0,0
2018,"Toumi, Marika",Not Found,1611,1,2171,1,0,0,0
2019,"Townley, Barbara",University of St Andrews,1611,1,2171,1,0,0,0
2020,"Toy, Daniel R.",California State University Chico,1462,2,0,0,0,0,0
2022,"Trzcinka, Charles A.",Indiana University Bloomington,2171,1,0,0,0,0,0
2024,"Tseng, Mei-Chiun",National Sun Yat-Sen University,2171,1,0,0,0,0,0
2025,"Tsui, Kam-Wah",University of Wisconsin-Madison,2171,1,0,0,0,0,0
2296,"Tucker, Robert R.",University of Florida,833,4,0,0,0,0,0
238,"Tung, Samuel",Retired or Emeritus,1070,3,0,0,0,0,0
2629,"Turley, Stuart",University of Manchester,1611,1,2171,1,0,0,0
791,"Turner, Cynthia Williams",University of Illinois at Urbana-Champaign,2171,1,0,0,0,0,0
1234,"Turner, Leslie D.",Palm Beach Atlantic University,1611,1,1462,2,0,0,0
18,"Turpen, Richard A.",Not Found,2171,1,0,0,0,0,0
2026,"Tymon Jr., Walter G.",Villanova University,2171,1,0,0,0,0,0
2027,"Uche, Chibuike U.",Practice,1611,1,2171,1,0,0,0
1085,"Uddin, Nancy",Monmouth University,1611,1,2171,1,0,0,0
2731,"Uddin, Shahzad",University of Essex,2171,1,0,0,0,0,0
1142,"Ulrich, Mark J.",Deceased,1611,1,2171,1,0,0,0
2028,"Umanath, Narayan S.",University of Cincinnati,2171,1,0,0,0,0,0
2811,"Umansky, Philip H.",Virginia Union University,2171,1,0,0,0,0,0
824,"Utama, Sidharta",University of Indonesia,2171,1,0,0,0,0,0
2031,"Vagneur, K.",Practice,2171,1,0,0,0,0,0
2032,"Vagnoni, Emidia",University of Ferrara,1611,1,2171,1,0,0,0
718,"Vaivio, Juhani",Helsinki School of Economics,1611,1,1462,2,0,0,0
2405,"van Breda, Michael F.",Southern Methodist University,2171,1,0,0,0,0,0
2035,"Van Drunen, Leonard D.",Calvin College,2171,1,0,0,0,0,0
2036,"van Staden, Chris J.",University of Auckland,1611,1,2171,1,0,0,0
2037,"Vandenbosch, Betty",Kaplan University,2171,1,0,0,0,0,0
3075,"Vanecek, Michael T.",Retired or Emeritus,2171,1,0,0,0,0,0
2038,"Vanhoucke, Mario",Ghent University,1611,1,2171,1,0,0,0
832,"Vaysman, Igor",Baruch College-The City University of New York,1611,1,667,5,0,0,0
2325,"Venable, Carol F.",San Diego State University,2171,1,0,0,0,0,0
2282,"Vendrzyk, Valaria P.",University of Richmond,1047,2,1462,2,0,0,0
2040,"Venezia, Itzhak",Hebrew University of Jerusalem,2171,1,0,0,0,0,0
721,"Venuti, Elizabeth K.",Hofstra University,2171,1,0,0,0,0,0
3077,"Verdaasdonk, Peter",Not Found,1611,1,2171,1,0,0,0
239,"Verghese, Thomas",Retired or Emeritus,2171,1,0,0,0,0,0
956,"Vergoossen, R. G. A.",Maastricht University,2171,1,0,0,0,0,0
974,"Verma, Kiran",University of Massachusetts Boston,2171,1,0,0,0,0,0
867,"Vichitlekarn, Sansakrit S",Not Found,2171,1,0,0,0,0,0
38,"Vickrey, Don",Retired or Emeritus,2171,1,0,0,0,0,0
2045,"Vijayalakshmi, B. Vijayal",Not Found,2171,1,0,0,0,0,0
2046,"Villadsen, Bente",Practice,2171,1,0,0,0,0,0
1271,"Vincent, Linda",Northwestern University,547,4,372,8,0,0,0
885,"Vines, Cynthia C.",University of Kentucky,1611,1,667,5,0,0,0
3078,"Vinze, Ajay S.",Arizona State University,2171,1,0,0,0,0,0
2394,"Violette, George R.",University of Southern Maine,2171,1,0,0,0,0,0
240,"Volkert, James",Not Found,2171,1,0,0,0,0,0
2047,"Vollmann, Thomas E.",Retired or Emeritus,2171,1,0,0,0,0,0
963,"Vollmers, Gloria Lucey",University of Maine,2171,1,0,0,0,0,0
2049,"Vurdubakis, Theo",Lancaster University,1462,2,0,0,0,0,0
2050,"Waggoner, Jeri Brockett",Not Found,2171,1,0,0,0,0,0
2051,"Wagner, Janet M.",Stockton University,1611,1,2171,1,0,0,0
4352,"Wakai, Sarah",University of Connecticut,1611,1,2171,1,0,0,0
2052,"Walawski, Justin B.",Practice,1611,1,2171,1,0,0,0
2819,"Walker, Paul L.",St. John`s University,1611,1,1070,3,0,0,0
412,"Wallace, James S.",Claremont Graduate University,1462,2,0,0,0,0,0
887,"Wallace, R. S. Olusegun",Deceased,1611,1,2171,1,0,0,0
2651,"Wallace, Sally",Georgia State University,1611,1,2171,1,0,0,0
2910,"Wallace, Wanda A.",Retired or Emeritus,667,5,0,0,0,0,0
2053,"Wallach, Samoa J. R.",Practice,2171,1,0,0,0,0,0
47,"Waller, William S.",Retired or Emeritus,1611,1,667,5,0,0,0
363,"Walo, Judith C.",Retired or Emeritus,1462,2,0,0,0,0,0
2683,"Walsh, Eamonn J.",University College Dublin,1047,2,1070,3,0,0,0
944,"Walter, Richard M.",Not Found,2171,1,0,0,0,0,0
476,"Wan, Huishan",Western Illinois University,1611,1,2171,1,0,0,0
2054,"Wan, William P.",City University of Hong Kong,2171,1,0,0,0,0,0
1136,"Wang, Taychang",National Taiwan University,1611,1,1462,2,0,0,0
2168,"Ward, Bart H.",Not Found,2171,1,0,0,0,0,0
1031,"Ward, D. Dewey",Retired or Emeritus,1462,2,0,0,0,0,0
1034,"Ward, Terry J.",Middle Tennessee State University,2171,1,0,0,0,0,0
2058,"Wardell, Mark W.",Not Found,2171,1,0,0,0,0,0
657,"Warren, Carl",Retired or Emeritus,2171,1,0,0,0,0,0
2726,"Warsame, Hussein",University of Calgary,2171,1,0,0,0,0,0
1232,"Wartick, Martha L.",University of Northern Iowa,1047,2,667,5,0,0,0
684,"Washington, Mary T.",Not Found,1462,2,0,0,0,0,0
241,"Waterhouse, John H.",Retired or Emeritus,1070,3,0,0,0,0,0
242,"Watkins, Paul R.",Not Found,2171,1,0,0,0,0,0
2060,"Watson, Collin J.",Not Found,2171,1,0,0,0,0,0
330,"Watson, Richard T.",University of Georgia,1462,2,0,0,0,0,0
2061,"Watt, Vanessa W-S",Not Found,1611,1,2171,1,0,0,0
243,"Watts, John S.",Practice,1070,3,0,0,0,0,0
1079,"Weatherholt, Nancy",University of Missouri Kansas City,2171,1,0,0,0,0,0
1224,"Webber, Sally A.",Deceased,2171,1,0,0,0,0,0
683,"Weber, Gary J.",Gonzaga University,1462,2,0,0,0,0,0
1032,"Weber, Richard P",Michigan State University,2171,1,0,0,0,0,0
2062,"Wedell, Douglas H.",University of South Carolina,1611,1,2171,1,0,0,0
244,"Wei, Donna",Practice,1611,1,2171,1,0,0,0
2063,"Wei, K. C. John",Not Found,2171,1,0,0,0,0,0
507,"Weintrop, Joseph B.",Baruch College-The City University of New York,1070,3,0,0,0,0,0
2064,"Weisbach, David A.",University of Chicago,1611,1,2171,1,0,0,0
2065,"Weisbach, Michael S.",The Ohio State University,2171,1,0,0,0,0,0
2883,"Weisenfield, Leslie W.",Winston-Salem State University,2171,1,0,0,0,0,0
384,"Weiss, Ira S.",University of Chicago,1611,1,1462,2,0,0,0
2080,"Welch, Ivo","University of California, Los Angeles",2171,1,0,0,0,0,0
245,"Wells, Donald W.",Retired or Emeritus,2171,1,0,0,0,0,0
901,"Welsh, Mary Jeanne",La Salle University,1462,2,0,0,0,0,0
2586,"Wempe, William F.",Texas Christian University,1047,2,1070,3,0,0,0
709,"Wendell, John P.",University of Hawaii at Manoa,833,4,0,0,0,0,0
2765,"Wensley, Anthony K. P.",University of Toronto,1462,2,0,0,0,0,0
902,"Wentzel, Kristin",La Salle University,1047,2,1462,2,0,0,0
533,"Werner, Edward M.",Drexel University,1611,1,2171,1,0,0,0
1,"Wertheim, Paul",Abilene Christian University,2171,1,0,0,0,0,0
71,"West, Stephen G.",Retired or Emeritus,2171,1,0,0,0,0,0
82,"West, Timothy D.",Northern Illinois University,1611,1,2171,1,0,0,0
2067,"Westergaard, Erik",Not Found,2171,1,0,0,0,0,0
2068,"Westfall, Peter H.",Texas Tech University,2171,1,0,0,0,0,0
3081,"Westland, J. Christopher",University of Illinois at Chicago,2171,1,0,0,0,0,0
2069,"Weston, Syd",Not Found,2171,1,0,0,0,0,0
2904,"Westort, Peter J.",University of Wisconsin-Oshkosh,1611,1,2171,1,0,0,0
2070,"Wetzels, Martin",Maastricht University,2171,1,0,0,0,0,0
681,"Weyns, Guy",Retired or Emeritus,1462,2,0,0,0,0,0
591,"Wheatley, Clark M.",Florida International University,1611,1,2171,1,0,0,0
2208,"Wheeler, Stephen W.",California State University Sacramento,446,7,0,0,0,0,0
2072,"Whelan, Christopher J.",University of Oxford,2171,1,0,0,0,0,0
2073,"Whidbee, David A.",Washington State University,1611,1,2171,1,0,0,0
2074,"Whincop, Michael J.",Retired or Emeritus,2171,1,0,0,0,0,0
2541,"Whinston, Andrew B.",University of Texas at Austin,2171,1,0,0,0,0,0
757,"Whisenant, J. Scott",University of Kansas,393,5,667,5,0,0,0
3991,"White, Clinton E., Jr.",University of Delaware,1611,1,2171,1,0,0,0
1170,"White, Craig G.",University of New Mexico,1047,2,1070,3,0,0,0
72,"Whitecotton, Stacey M.",Arizona State University,1611,1,667,5,0,0,0
2076,"Whitley, Richard Drummond",University of Manchester,2171,1,0,0,0,0,0
525,"Whittington, O. Ray",DePaul University,1462,2,0,0,0,0,0
2077,"Whittle, Jeff",Practice,1611,1,2171,1,0,0,0
97,"Whittred, Greg",University of Auckland,2171,1,0,0,0,0,0
22,"Wichmann, Henry",Retired or Emeritus,2171,1,0,0,0,0,0
2078,"Wielenberg, Stefan",Leibniz Universitat Hannover,2171,1,0,0,0,0,0
2079,"Wielinga, Cees",Not Found,2171,1,0,0,0,0,0
3083,"Wiggins, Casper E.",University of North Carolina at Charlotte,1611,1,2171,1,0,0,0
2895,"Wild, John J.",University of Wisconsin-Madison,1611,1,372,8,0,0,0
2081,"Wild, Kenneth L.",Not Found,2171,1,0,0,0,0,0
2082,"Wildavsky, Aaron",Retired or Emeritus,2171,1,0,0,0,0,0
2820,"Wilkie, Patrick J.",University of Virginia,667,5,0,0,0,0,0
1139,"Wilkins, Trevor",Not Found,2171,1,0,0,0,0,0
2084,"Willard, Kristen",Practice,2171,1,0,0,0,0,0
2086,"Williams, Arlington W.",Indiana University Bloomington,2171,1,0,0,0,0,0
101,"Williams, Joanne Deahl",Babson College,1462,2,0,0,0,0,0
246,"Williams, John J.",Singapore Management University,667,5,0,0,0,0,0
1092,"Williams, L. Kim",Not Found,2171,1,0,0,0,0,0
615,"Williams, Patricia A.",Not Found,2171,1,0,0,0,0,0
1863,"Williams, Susan E.Perry",University of Virginia,2171,1,0,0,0,0,0
2821,"Williams, Thomas H.",Retired or Emeritus,2171,1,0,0,0,0,0
2178,"Willinger, G. Lee",Retired or Emeritus,667,5,0,0,0,0,0
2543,"Willingham, John J.",Retired or Emeritus,1462,2,0,0,0,0,0
792,"Willis, Eugene",Retired or Emeritus,2171,1,0,0,0,0,0
2087,"Willman, Paul",London School of Economics and Political Science,1611,1,2171,1,0,0,0
1252,"Wilner, Neil",University of North Texas,1462,2,0,0,0,0,0
91,"Wilson, Arlette C.",Retired or Emeritus,2171,1,0,0,0,0,0
1063,"Wilson, Earl R.",Retired or Emeritus,1070,3,0,0,0,0,0
269,"Wilson, G. Peter",Boston College,833,4,0,0,0,0,0
247,"Wilson, Paula A.",University of Puget Sound,2171,1,0,0,0,0,0
897,"Wilson, Thomas E.",University of Louisiana at Lafayette,2171,1,0,0,0,0,0
2091,"Winograd, Barry N.",Practice,2171,1,0,0,0,0,0
2092,"Winters, Drew B.",Texas Tech University,2171,1,0,0,0,0,0
2596,"Witt, Terry J.",Retired or Emeritus,2171,1,0,0,0,0,0
2093,"Witteloostuijn, Arjen van",University of Antwerp,1611,1,2171,1,0,0,0
2446,"Wolfson, Mark A.",Retired or Emeritus,1070,3,0,0,0,0,0
3084,"Wolk, Carel M.",Retired or Emeritus,2171,1,0,0,0,0,0
2608,"Wong, Jilnaught",University of Auckland,2171,1,0,0,0,0,0
248,"Wong, Jonathan W.",Retired or Emeritus,2171,1,0,0,0,0,0
2094,"Wong, Kit Pong",University of Hong Kong,1611,1,2171,1,0,0,0
3085,"Wong, Michael",Not Found,2171,1,0,0,0,0,0
2609,"Wong, Norman",University of Auckland,1611,1,1462,2,0,0,0
2095,"Wong, Wing-Keung",Hong Kong Baptist University,2171,1,0,0,0,0,0
35,"Wood, Robert",Arizona State University,2171,1,0,0,0,0,0
3091,"Woodroof, Jonathan B.",Not Found,1611,1,2171,1,0,0,0
3092,"Woolley, Darryl J.",University of Idaho,1611,1,2171,1,0,0,0
292,"Worsham, Ronald G.",Brigham Young University,1462,2,0,0,0,0,0
2732,"Wright, Brian",University of Nottingham,2171,1,0,0,0,0,0
909,"Wright, Christopher",Not Found,2171,1,0,0,0,0,0
1007,"Wright, David W.",University of Michigan,1611,1,1462,2,0,0,0
308,"Wright, Gail B.",Retired or Emeritus,2171,1,0,0,0,0,0
2727,"Wright, Michael E.",University of Calgary,1462,2,0,0,0,0,0
2099,"Wright, Roger L.",Practice,2171,1,0,0,0,0,0
249,"Wruck, Karen Hopper",The Ohio State University,2171,1,0,0,0,0,0
3090,"Wu, Chiu Yueh Alice",Not Found,1611,1,2171,1,0,0,0
794,"Wu, Martin G. H.",University of Illinois at Urbana-Champaign,752,3,667,5,0,0,0
3089,"Wu, Rebecca C.",National Taiwan University,2171,1,0,0,0,0,0
2100,"Wunderle, Robert",Not Found,2171,1,0,0,0,0,0
2101,"Wurst, John",University of Georgia,2171,1,0,0,0,0,0
2102,"Wyckoff, James H.",University of Virginia,2171,1,0,0,0,0,0
73,"Wyndelts, Robert W.",Retired or Emeritus,2171,1,0,0,0,0,0
2104,"Wynstra, Finn",Erasmus University Rotterdam,1611,1,2171,1,0,0,0
2106,"Xiang, Bing",Cheung Kong Graduate School of Business,2171,1,0,0,0,0,0
393,"Xie, Jia-Zheng James",Not Found,1611,1,1070,3,0,0,0
2876,"Xu, Bixia",Wilfrid Laurier University,1611,1,2171,1,0,0,0
2748,"Yaansah, Robert A.",Not Found,2171,1,0,0,0,0,0
1093,"Yaari, Varda (Lewinstein)",Not Found,1611,1,2171,1,0,0,0
250,"Yancey, William F.",Deceased,2171,1,0,0,0,0,0
2110,"Yang, Dan",Southwestern University of Finance and Economics,1611,1,2171,1,0,0,0
251,"Yang, Dong-Hoon",Dongguk University,1611,1,2171,1,0,0,0
3,"Yang, Simon S. M.",Adelphi University,1611,1,2171,1,0,0,0
3095,"Yau, Woon-Foong",Practice,1611,1,2171,1,0,0,0
508,"Ye, Jianming",Baruch College-The City University of New York,1611,1,2171,1,0,0,0
2113,"Ye, Lixin",The Ohio State University,1611,1,2171,1,0,0,0
444,"Yee, Kenton K.",Practice,547,4,833,4,0,0,0
2114,"Yen, Sin-Hui",Tamkang University,1611,1,2171,1,0,0,0
2115,"Yermack, David",New York University,1611,1,2171,1,0,0,0
2116,"Yetton, Philip W.",UNSW Sydney,2171,1,0,0,0,0,0
2117,"Yeung, Bernard",National University of Singapore,1611,1,2171,1,0,0,0
408,"Yim, Andrew",City University London (Bayes Business School),2171,1,0,0,0,0,0
2600,"Yin, Qin Jennifer",University of Texas at San Antonio,1047,2,1462,2,0,0,0
2119,"Yip-Ow, Jackson",Practice,2171,1,0,0,0,0,0
3088,"Yip, Siew-Kee",Not Found,1462,2,0,0,0,0,0
252,"Yoo, Seung-Weon",Korea University,2171,1,0,0,0,0,0
889,"Yoon, Sung Sig",Korea University,2171,1,0,0,0,0,0
253,"Yoon, Sung-Soo",Korea University,2171,1,0,0,0,0,0
367,"Yost, Jeffrey A.",University of Charleston,1611,1,1070,3,0,0,0
583,"Young, George",Florida Atlantic University,1611,1,2171,1,0,0,0
1225,"Young, James C.",Northern Illinois University,1070,3,0,0,0,0,0
833,"Young, S. David",INSEAD,2171,1,0,0,0,0,0
509,"Young, Susan M.",Fordham University,1611,1,1462,2,0,0,0
2121,"Yuan, Hongqi","Fudan University, China",1611,1,2171,1,0,0,0
3087,"Yuthas, Kristi",Portland State University,2171,1,0,0,0,0,0
2123,"Zambon, Stefano",University of Ferrara,2171,1,0,0,0,0,0
2124,"Zan, Luca",University of Bologna,2171,1,0,0,0,0,0
2125,"Zardkoohi, Asghar",Texas A&M University,1611,1,2171,1,0,0,0
2578,"Zebda, Awni",Texas A&M University Corpus Christi,2171,1,0,0,0,0,0
2681,"Zhang, Li",University of Illinois at Urbana-Champaign,752,3,1070,3,0,0,0
733,"Zhang, Mingshan",Hong Kong University of Science and Technology,1611,1,2171,1,0,0,0
2128,"Zhang, Qinke (Michael)",Not Found,2171,1,0,0,0,0,0
2130,"Zhang, Yi",Practice,1611,1,2171,1,0,0,0
1086,"Zhao, Ronald",Monmouth University,2171,1,0,0,0,0,0
2462,"Zhou, Nan",Binghamton University,1047,2,1462,2,0,0,0
2132,"Zimmer, Ian",Retired or Emeritus,1070,3,0,0,0,0,0
2603,"Zimmermann, Raymond A.",Retired or Emeritus,2171,1,0,0,0,0,0
385,"Zmijewski, Mark E.",University of Chicago,1070,3,0,0,0,0,0
2546,"Zvinakis, Kristina",University of Texas at Austin,2171,1,0,0,0,0,0
